Direction,Source,Destination,Packet Size
receive,0xe7fb,0x0000,54
receive,0xe7fb,0x0000,57
receive,0xe7fb,0x0000,54
receive,0xe7fb,0x0000,54
receive,0xe7fb,0x0000,57
receive,0xe7fb,0x0000,54
receive,0xe7fb,0x0000,54
receive,0xe7fb,0x0000,57
receive,0xe7fb,0x0000,54
receive,0xe7fb,0x0000,54
receive,0xe7fb,0x0000,57
receive,0xe7fb,0x0000,54
receive,0xe7fb,0x0000,54
receive,0xe7fb,0x0000,57
receive,0xe7fb,0x0000,54
receive,0xe7fb,0x0000,54
receive,0xe7fb,0x0000,57
receive,0xe7fb,0x0000,54
receive,0xe7fb,0x0000,54
receive,0xe7fb,0x0000,57
receive,0xe7fb,0x0000,54
receive,0xe7fb,0x0000,54
receive,0xe7fb,0x0000,57
receive,0xe7fb,0x0000,54
receive,0xe7fb,0x0000,54
receive,0xe7fb,0x0000,57
receive,0xe7fb,0x0000,54
receive,0xe7fb,0x0000,54
receive,0xe7fb,0x0000,57
receive,0xe7fb,0x0000,54
receive,0xe7fb,0x0000,54
receive,0xe7fb,0x0000,57
receive,0xe7fb,0x0000,54
receive,0xe7fb,0x0000,54
receive,0xe7fb,0x0000,57
receive,0xe7fb,0x0000,54
receive,0xe7fb,0x0000,54
receive,0xe7fb,0x0000,57
receive,0xe7fb,0x0000,54
receive,0xe7fb,0x0000,54
receive,0xe7fb,0x0000,57
receive,0xe7fb,0x0000,54
receive,0xe7fb,0x0000,54
receive,0xe7fb,0x0000,57
receive,0xe7fb,0x0000,54
receive,0xe7fb,0x0000,54
receive,0xe7fb,0x0000,57
receive,0xe7fb,0x0000,54
receive,0xe7fb,0x0000,54
receive,0xe7fb,0x0000,57
receive,0xe7fb,0x0000,54
receive,0xe7fb,0x0000,54
receive,0xe7fb,0x0000,54
receive,0xe7fb,0x0000,57
receive,0xe7fb,0x0000,54
receive,0xe7fb,0x0000,54
receive,0xe7fb,0x0000,57
receive,0xe7fb,0x0000,54
send,0x0000,0xe7fb,54
send,0x0000,0xe7fb,54
send,0x0000,0xe7fb,50
send,0x0000,0xe7fb,50
receive,0xe7fb,0x0000,45
receive,0xe7fb,0x0000,57
send,0x0000,0xe7fb,50
receive,0xe7fb,0x0000,54
receive,0xe7fb,0x0000,45
receive,0xe7fb,0x0000,57
send,0x0000,0xe7fb,50
receive,0xe7fb,0x0000,45
receive,0xe7fb,0x0000,57
receive,0xe7fb,0x0000,45
receive,0xe7fb,0x0000,57
send,0x0000,0xe7fb,50
receive,0xe7fb,0x0000,45
receive,0xe7fb,0x0000,54
receive,0xe7fb,0x0000,45
receive,0xe7fb,0x0000,45
receive,0xe7fb,0x0000,57
receive,0xe7fb,0x0000,57
receive,0xe7fb,0x0000,54
receive,0xe7fb,0x0000,57
receive,0xe7fb,0x0000,45
receive,0xe7fb,0x0000,45
receive,0xe7fb,0x0000,45
receive,0xe7fb,0x0000,54
receive,0xe7fb,0x0000,45
send,0x0000,0xe7fb,49
send,0x0000,0xe7fb,45
send,0x0000,0xe7fb,45
receive,0xe7fb,0x0000,54
receive,0xe7fb,0x0000,57
receive,0xe7fb,0x0000,54
receive,0xe7fb,0x0000,54
receive,0xe7fb,0x0000,57
receive,0xe7fb,0x0000,54
receive,0xe7fb,0x0000,54
receive,0xe7fb,0x0000,57
receive,0xe7fb,0x0000,54
receive,0xe7fb,0x0000,54
receive,0xe7fb,0x0000,57
receive,0xe7fb,0x0000,54
receive,0xe7fb,0x0000,54
receive,0xe7fb,0x0000,57
receive,0xe7fb,0x0000,54
receive,0xe7fb,0x0000,54
receive,0xe7fb,0x0000,57
receive,0xe7fb,0x0000,54
receive,0xe7fb,0x0000,54
receive,0xe7fb,0x0000,57
receive,0xe7fb,0x0000,54
receive,0xe7fb,0x0000,54
receive,0xe7fb,0x0000,57
receive,0xe7fb,0x0000,54
receive,0xe7fb,0x0000,54
receive,0xe7fb,0x0000,57
receive,0xe7fb,0x0000,54
receive,0xe7fb,0x0000,54
receive,0xe7fb,0x0000,57
receive,0xe7fb,0x0000,54
receive,0xe7fb,0x0000,54
receive,0xe7fb,0x0000,57
receive,0xe7fb,0x0000,54
receive,0xe7fb,0x0000,54
receive,0xe7fb,0x0000,57
receive,0xe7fb,0x0000,54
receive,0xe7fb,0x0000,54
receive,0xe7fb,0x0000,57
receive,0xe7fb,0x0000,54
receive,0xe7fb,0x0000,54
receive,0xe7fb,0x0000,57
receive,0xe7fb,0x0000,54
receive,0xe7fb,0x0000,54
receive,0xe7fb,0x0000,57
receive,0xe7fb,0x0000,54
receive,0xe7fb,0x0000,54
receive,0xe7fb,0x0000,57
receive,0xe7fb,0x0000,54
receive,0xe7fb,0x0000,54
receive,0xe7fb,0x0000,57
receive,0xe7fb,0x0000,54
receive,0xe7fb,0x0000,54
receive,0xe7fb,0x0000,57
receive,0xe7fb,0x0000,54
receive,0xe7fb,0x0000,54
receive,0xe7fb,0x0000,57
receive,0xe7fb,0x0000,54
receive,0xe7fb,0x0000,57
receive,0xe7fb,0x0000,54
receive,0xe7fb,0x0000,54
receive,0xe7fb,0x0000,54
receive,0xe7fb,0x0000,57
receive,0xe7fb,0x0000,54
receive,0xe7fb,0x0000,54
receive,0xe7fb,0x0000,57
receive,0xe7fb,0x0000,54
receive,0xe7fb,0x0000,54
receive,0xe7fb,0x0000,57
receive,0xe7fb,0x0000,54
receive,0xe7fb,0x0000,54
receive,0xe7fb,0x0000,57
receive,0xe7fb,0x0000,54
receive,0xe7fb,0x0000,54
receive,0xe7fb,0x0000,54
receive,0xe7fb,0x0000,57
receive,0xe7fb,0x0000,54
receive,0xe7fb,0x0000,54
receive,0xe7fb,0x0000,57
receive,0xe7fb,0x0000,54
receive,0xe7fb,0x0000,54
receive,0xe7fb,0x0000,57
receive,0xe7fb,0x0000,54
receive,0xe7fb,0x0000,54
receive,0xe7fb,0x0000,57
receive,0xe7fb,0x0000,54
receive,0xe7fb,0x0000,54
receive,0xe7fb,0x0000,57
receive,0xe7fb,0x0000,54
receive,0xe7fb,0x0000,54
receive,0xe7fb,0x0000,54
receive,0xe7fb,0x0000,54
receive,0xe7fb,0x0000,54
receive,0xe7fb,0x0000,57
receive,0xe7fb,0x0000,54
receive,0xe7fb,0x0000,54
receive,0xe7fb,0x0000,57
receive,0xe7fb,0x0000,54
receive,0xe7fb,0x0000,54
receive,0xe7fb,0x0000,57
receive,0xe7fb,0x0000,54
receive,0xe7fb,0x0000,54
receive,0xe7fb,0x0000,57
receive,0xe7fb,0x0000,54
receive,0xe7fb,0x0000,54
receive,0xe7fb,0x0000,57
receive,0xe7fb,0x0000,54
receive,0xe7fb,0x0000,54
receive,0xe7fb,0x0000,57
receive,0xe7fb,0x0000,54
receive,0xe7fb,0x0000,54
receive,0xe7fb,0x0000,57
receive,0xe7fb,0x0000,54
receive,0xe7fb,0x0000,54
receive,0xe7fb,0x0000,57
receive,0xe7fb,0x0000,54
receive,0xe7fb,0x0000,54
receive,0xe7fb,0x0000,57
receive,0xe7fb,0x0000,54
receive,0xe7fb,0x0000,54
receive,0xe7fb,0x0000,54
receive,0xe7fb,0x0000,57
receive,0xe7fb,0x0000,54
receive,0xe7fb,0x0000,54
receive,0xe7fb,0x0000,57
receive,0xe7fb,0x0000,54
receive,0xe7fb,0x0000,54
receive,0xe7fb,0x0000,57
receive,0xe7fb,0x0000,54
receive,0xe7fb,0x0000,54
receive,0xe7fb,0x0000,54
receive,0xe7fb,0x0000,54
receive,0xe7fb,0x0000,54
receive,0xe7fb,0x0000,54
receive,0xe7fb,0x0000,54
receive,0xe7fb,0x0000,57
receive,0xe7fb,0x0000,54
receive,0xe7fb,0x0000,54
receive,0xe7fb,0x0000,54
receive,0xe7fb,0x0000,54
receive,0xe7fb,0x0000,54
receive,0xe7fb,0x0000,54
receive,0xe7fb,0x0000,54
receive,0xe7fb,0x0000,54
receive,0xe7fb,0x0000,54
receive,0xe7fb,0x0000,54
send,0x0000,0xe7fb,54
send,0x0000,0xe7fb,54
send,0x0000,0xe7fb,54
send,0x0000,0xe7fb,54
send,0x0000,0xe7fb,50
send,0x0000,0xe7fb,50
receive,0xe7fb,0x0000,45
receive,0xe7fb,0x0000,57
send,0x0000,0xe7fb,50
receive,0xe7fb,0x0000,54
receive,0xe7fb,0x0000,45
receive,0xe7fb,0x0000,45
receive,0xe7fb,0x0000,57
receive,0xe7fb,0x0000,57
receive,0xe7fb,0x0000,54
receive,0xe7fb,0x0000,45
receive,0xe7fb,0x0000,45
receive,0xe7fb,0x0000,54
send,0x0000,0xe7fb,49
send,0x0000,0xe7fb,49
send,0x0000,0xe7fb,45
receive,0xe7fb,0x0000,54
receive,0xe7fb,0x0000,54
receive,0xe7fb,0x0000,57
receive,0xe7fb,0x0000,54
receive,0xe7fb,0x0000,54
receive,0xe7fb,0x0000,57
receive,0xe7fb,0x0000,54
receive,0xe7fb,0x0000,54
receive,0xe7fb,0x0000,57
receive,0xe7fb,0x0000,54
receive,0xe7fb,0x0000,54
receive,0xe7fb,0x0000,57
receive,0xe7fb,0x0000,54
receive,0xe7fb,0x0000,54
receive,0xe7fb,0x0000,54
receive,0xe7fb,0x0000,54
receive,0xe7fb,0x0000,54
receive,0xe7fb,0x0000,54
receive,0xe7fb,0x0000,57
receive,0xe7fb,0x0000,54
receive,0xe7fb,0x0000,54
receive,0xe7fb,0x0000,57
receive,0xe7fb,0x0000,54
receive,0xe7fb,0x0000,54
receive,0xe7fb,0x0000,54
receive,0xe7fb,0x0000,54
receive,0xe7fb,0x0000,54
receive,0xe7fb,0x0000,54
receive,0xe7fb,0x0000,54
receive,0xe7fb,0x0000,57
receive,0xe7fb,0x0000,54
receive,0xe7fb,0x0000,54
receive,0xe7fb,0x0000,57
receive,0xe7fb,0x0000,54
receive,0xe7fb,0x0000,54
receive,0xe7fb,0x0000,57
receive,0xe7fb,0x0000,54
receive,0xe7fb,0x0000,54
receive,0xe7fb,0x0000,57
receive,0xe7fb,0x0000,54
receive,0xe7fb,0x0000,54
receive,0xe7fb,0x0000,54
receive,0xe7fb,0x0000,57
receive,0xe7fb,0x0000,54
receive,0xe7fb,0x0000,54
receive,0xe7fb,0x0000,54
receive,0xe7fb,0x0000,54
receive,0xe7fb,0x0000,57
receive,0xe7fb,0x0000,54
receive,0xe7fb,0x0000,54
receive,0xe7fb,0x0000,57
receive,0xe7fb,0x0000,54
receive,0xe7fb,0x0000,54
receive,0xe7fb,0x0000,57
receive,0xe7fb,0x0000,54
receive,0xe7fb,0x0000,54
receive,0xe7fb,0x0000,57
receive,0xe7fb,0x0000,54
receive,0xe7fb,0x0000,54
receive,0xe7fb,0x0000,54
receive,0xe7fb,0x0000,57
receive,0xe7fb,0x0000,54
receive,0xe7fb,0x0000,54
receive,0xe7fb,0x0000,57
receive,0xe7fb,0x0000,54
receive,0xe7fb,0x0000,54
receive,0xe7fb,0x0000,57
receive,0xe7fb,0x0000,54
receive,0xe7fb,0x0000,54
receive,0xe7fb,0x0000,54
receive,0xe7fb,0x0000,54
receive,0xe7fb,0x0000,54
receive,0xe7fb,0x0000,57
receive,0xe7fb,0x0000,54
receive,0xe7fb,0x0000,54
receive,0xe7fb,0x0000,57
receive,0xe7fb,0x0000,54
receive,0xe7fb,0x0000,54
receive,0xe7fb,0x0000,54
receive,0xe7fb,0x0000,54
receive,0xe7fb,0x0000,54
receive,0xe7fb,0x0000,57
receive,0xe7fb,0x0000,54
receive,0xe7fb,0x0000,54
receive,0xe7fb,0x0000,54
send,0x0000,0xe7fb,54
send,0x0000,0xe7fb,54
receive,0xe7fb,0x0000,54
receive,0xe7fb,0x0000,45
receive,0xe7fb,0x0000,54
receive,0xe7fb,0x0000,45
send,0x0000,0xe7fb,49
receive,0xe7fb,0x0000,54
receive,0xe7fb,0x0000,54
receive,0xe7fb,0x0000,57
receive,0xe7fb,0x0000,54
receive,0xe7fb,0x0000,54
receive,0xe7fb,0x0000,54
receive,0xe7fb,0x0000,57
receive,0xe7fb,0x0000,54
receive,0xe7fb,0x0000,57
receive,0xe7fb,0x0000,54
receive,0xe7fb,0x0000,54
receive,0xe7fb,0x0000,54
receive,0xe7fb,0x0000,54
receive,0xe7fb,0x0000,54
receive,0xe7fb,0x0000,54
receive,0xe7fb,0x0000,57
receive,0xe7fb,0x0000,54
receive,0xe7fb,0x0000,54
receive,0xe7fb,0x0000,54
receive,0xe7fb,0x0000,57
receive,0xe7fb,0x0000,54
receive,0xe7fb,0x0000,54
receive,0xe7fb,0x0000,57
receive,0xe7fb,0x0000,54
receive,0xe7fb,0x0000,54
receive,0xe7fb,0x0000,57
receive,0xe7fb,0x0000,54
receive,0xe7fb,0x0000,54
receive,0xe7fb,0x0000,57
receive,0xe7fb,0x0000,54
receive,0xe7fb,0x0000,54
receive,0xe7fb,0x0000,54
receive,0xe7fb,0x0000,54
receive,0xe7fb,0x0000,57
receive,0xe7fb,0x0000,54
receive,0xe7fb,0x0000,54
receive,0xe7fb,0x0000,57
receive,0xe7fb,0x0000,54
receive,0xe7fb,0x0000,54
receive,0xe7fb,0x0000,57
receive,0xe7fb,0x0000,54
receive,0xe7fb,0x0000,54
receive,0xe7fb,0x0000,57
receive,0xe7fb,0x0000,54
receive,0xe7fb,0x0000,54
receive,0xe7fb,0x0000,57
receive,0xe7fb,0x0000,54
receive,0xe7fb,0x0000,54
receive,0xe7fb,0x0000,57
receive,0xe7fb,0x0000,54
receive,0xe7fb,0x0000,54
receive,0xe7fb,0x0000,57
receive,0xe7fb,0x0000,54
receive,0xe7fb,0x0000,54
receive,0xe7fb,0x0000,57
receive,0xe7fb,0x0000,54
receive,0xe7fb,0x0000,54
receive,0xe7fb,0x0000,57
receive,0xe7fb,0x0000,54
receive,0xe7fb,0x0000,54
receive,0xe7fb,0x0000,57
receive,0xe7fb,0x0000,54
receive,0xe7fb,0x0000,54
receive,0xe7fb,0x0000,54
receive,0xe7fb,0x0000,57
receive,0xe7fb,0x0000,54
receive,0xe7fb,0x0000,54
receive,0xe7fb,0x0000,57
receive,0xe7fb,0x0000,54
receive,0xe7fb,0x0000,54
receive,0xe7fb,0x0000,57
receive,0xe7fb,0x0000,54
receive,0xe7fb,0x0000,54
receive,0xe7fb,0x0000,54
receive,0xe7fb,0x0000,57
receive,0xe7fb,0x0000,54
receive,0xe7fb,0x0000,54
receive,0xe7fb,0x0000,57
receive,0xe7fb,0x0000,54
receive,0xe7fb,0x0000,54
receive,0xe7fb,0x0000,57
receive,0xe7fb,0x0000,54
receive,0xe7fb,0x0000,54
receive,0xe7fb,0x0000,57
receive,0xe7fb,0x0000,54
receive,0xe7fb,0x0000,54
receive,0xe7fb,0x0000,57
receive,0xe7fb,0x0000,54
receive,0xe7fb,0x0000,54
receive,0xe7fb,0x0000,57
receive,0xe7fb,0x0000,54
receive,0xe7fb,0x0000,54
receive,0xe7fb,0x0000,57
receive,0xe7fb,0x0000,54
receive,0xe7fb,0x0000,54
receive,0xe7fb,0x0000,57
receive,0xe7fb,0x0000,54
receive,0xe7fb,0x0000,54
receive,0xe7fb,0x0000,57
receive,0xe7fb,0x0000,54
receive,0xe7fb,0x0000,54
receive,0xe7fb,0x0000,57
receive,0xe7fb,0x0000,54
receive,0xe7fb,0x0000,54
receive,0xe7fb,0x0000,57
receive,0xe7fb,0x0000,54
receive,0xe7fb,0x0000,54
receive,0xe7fb,0x0000,57
receive,0xe7fb,0x0000,54
send,0x0000,0xe7fb,54
send,0x0000,0xe7fb,54
send,0x0000,0xe7fb,54
send,0x0000,0xe7fb,54
send,0x0000,0xe7fb,54
send,0x0000,0xe7fb,50
send,0x0000,0xe7fb,50
receive,0xe7fb,0x0000,45
receive,0xe7fb,0x0000,57
send,0x0000,0xe7fb,50
receive,0xe7fb,0x0000,54
receive,0xe7fb,0x0000,45
receive,0xe7fb,0x0000,57
receive,0xe7fb,0x0000,57
send,0x0000,0xe7fb,50
receive,0xe7fb,0x0000,45
receive,0xe7fb,0x0000,54
receive,0xe7fb,0x0000,45
receive,0xe7fb,0x0000,57
receive,0xe7fb,0x0000,45
receive,0xe7fb,0x0000,57
receive,0xe7fb,0x0000,57
receive,0xe7fb,0x0000,54
receive,0xe7fb,0x0000,45
receive,0xe7fb,0x0000,45
receive,0xe7fb,0x0000,54
send,0x0000,0xe7fb,49
receive,0xe7fb,0x0000,45
send,0x0000,0xe7fb,49
send,0x0000,0xe7fb,45
send,0x0000,0xe7fb,45
receive,0xe7fb,0x0000,54
receive,0xe7fb,0x0000,57
receive,0xe7fb,0x0000,54
receive,0xe7fb,0x0000,54
receive,0xe7fb,0x0000,54
receive,0xe7fb,0x0000,54
receive,0xe7fb,0x0000,54
receive,0xe7fb,0x0000,54
receive,0xe7fb,0x0000,54
receive,0xe7fb,0x0000,54
receive,0xe7fb,0x0000,54
receive,0xe7fb,0x0000,54
receive,0xe7fb,0x0000,57
receive,0xe7fb,0x0000,54
receive,0xe7fb,0x0000,54
receive,0xe7fb,0x0000,54
receive,0xe7fb,0x0000,54
receive,0xe7fb,0x0000,54
receive,0xe7fb,0x0000,54
receive,0xe7fb,0x0000,54
receive,0xe7fb,0x0000,54
receive,0xe7fb,0x0000,54
receive,0xe7fb,0x0000,54
receive,0xe7fb,0x0000,54
receive,0xe7fb,0x0000,54
receive,0xe7fb,0x0000,57
receive,0xe7fb,0x0000,54
receive,0xe7fb,0x0000,54
receive,0xe7fb,0x0000,57
receive,0xe7fb,0x0000,54
receive,0xe7fb,0x0000,54
receive,0xe7fb,0x0000,57
receive,0xe7fb,0x0000,54
receive,0xe7fb,0x0000,54
receive,0xe7fb,0x0000,57
receive,0xe7fb,0x0000,54
receive,0xe7fb,0x0000,54
receive,0xe7fb,0x0000,57
receive,0xe7fb,0x0000,54
receive,0xe7fb,0x0000,54
receive,0xe7fb,0x0000,57
receive,0xe7fb,0x0000,54
receive,0xe7fb,0x0000,54
receive,0xe7fb,0x0000,57
receive,0xe7fb,0x0000,54
receive,0xe7fb,0x0000,54
receive,0xe7fb,0x0000,57
receive,0xe7fb,0x0000,54
receive,0xe7fb,0x0000,54
receive,0xe7fb,0x0000,57
receive,0xe7fb,0x0000,54
receive,0xe7fb,0x0000,54
receive,0xe7fb,0x0000,57
receive,0xe7fb,0x0000,54
receive,0xe7fb,0x0000,54
receive,0xe7fb,0x0000,57
receive,0xe7fb,0x0000,54
send,0x0000,0xe7fb,54
send,0x0000,0xe7fb,54
send,0x0000,0xe7fb,54
send,0x0000,0xe7fb,50
send,0x0000,0xe7fb,50
receive,0xe7fb,0x0000,45
receive,0xe7fb,0x0000,57
send,0x0000,0xe7fb,50
receive,0xe7fb,0x0000,54
receive,0xe7fb,0x0000,45
receive,0xe7fb,0x0000,45
receive,0xe7fb,0x0000,57
receive,0xe7fb,0x0000,57
receive,0xe7fb,0x0000,57
receive,0xe7fb,0x0000,45
receive,0xe7fb,0x0000,54
receive,0xe7fb,0x0000,45
receive,0xe7fb,0x0000,45
send,0x0000,0xe7fb,49
send,0x0000,0xe7fb,45
receive,0xe7fb,0x0000,54
receive,0xe7fb,0x0000,57
receive,0xe7fb,0x0000,54
receive,0xe7fb,0x0000,54
receive,0xe7fb,0x0000,57
receive,0xe7fb,0x0000,54
receive,0xe7fb,0x0000,54
receive,0xe7fb,0x0000,57
receive,0xe7fb,0x0000,54
receive,0xe7fb,0x0000,57
receive,0xe7fb,0x0000,54
receive,0xe7fb,0x0000,54
receive,0xe7fb,0x0000,57
receive,0xe7fb,0x0000,54
receive,0xe7fb,0x0000,54
receive,0xe7fb,0x0000,57
receive,0xe7fb,0x0000,54
receive,0xe7fb,0x0000,54
receive,0xe7fb,0x0000,57
receive,0xe7fb,0x0000,54
receive,0xe7fb,0x0000,54
receive,0xe7fb,0x0000,57
receive,0xe7fb,0x0000,54
receive,0xe7fb,0x0000,54
receive,0xe7fb,0x0000,54
receive,0xe7fb,0x0000,57
receive,0xe7fb,0x0000,54
receive,0xe7fb,0x0000,54
receive,0xe7fb,0x0000,57
receive,0xe7fb,0x0000,54
receive,0xe7fb,0x0000,57
receive,0xe7fb,0x0000,54
receive,0xe7fb,0x0000,54
receive,0xe7fb,0x0000,57
receive,0xe7fb,0x0000,54
receive,0xe7fb,0x0000,54
receive,0xe7fb,0x0000,57
receive,0xe7fb,0x0000,54
receive,0xe7fb,0x0000,54
receive,0xe7fb,0x0000,57
receive,0xe7fb,0x0000,54
receive,0xe7fb,0x0000,54
receive,0xe7fb,0x0000,57
receive,0xe7fb,0x0000,54
receive,0xe7fb,0x0000,54
receive,0xe7fb,0x0000,57
receive,0xe7fb,0x0000,54
receive,0xe7fb,0x0000,54
receive,0xe7fb,0x0000,57
receive,0xe7fb,0x0000,54
receive,0xe7fb,0x0000,54
receive,0xe7fb,0x0000,57
receive,0xe7fb,0x0000,54
receive,0xe7fb,0x0000,54
receive,0xe7fb,0x0000,57
receive,0xe7fb,0x0000,54
receive,0xe7fb,0x0000,54
receive,0xe7fb,0x0000,57
receive,0xe7fb,0x0000,54
receive,0xe7fb,0x0000,54
receive,0xe7fb,0x0000,57
receive,0xe7fb,0x0000,54
receive,0xe7fb,0x0000,54
receive,0xe7fb,0x0000,57
receive,0xe7fb,0x0000,54
receive,0xe7fb,0x0000,54
receive,0xe7fb,0x0000,57
receive,0xe7fb,0x0000,54
receive,0xe7fb,0x0000,54
receive,0xe7fb,0x0000,57
receive,0xe7fb,0x0000,54
receive,0xe7fb,0x0000,54
receive,0xe7fb,0x0000,57
receive,0xe7fb,0x0000,54
receive,0xe7fb,0x0000,54
receive,0xe7fb,0x0000,57
receive,0xe7fb,0x0000,54
receive,0xe7fb,0x0000,54
receive,0xe7fb,0x0000,57
receive,0xe7fb,0x0000,54
receive,0xe7fb,0x0000,54
receive,0xe7fb,0x0000,57
receive,0xe7fb,0x0000,54
receive,0xe7fb,0x0000,54
receive,0xe7fb,0x0000,57
receive,0xe7fb,0x0000,54
receive,0xe7fb,0x0000,54
receive,0xe7fb,0x0000,57
receive,0xe7fb,0x0000,54
receive,0xe7fb,0x0000,54
receive,0xe7fb,0x0000,57
receive,0xe7fb,0x0000,54
receive,0xe7fb,0x0000,54
receive,0xe7fb,0x0000,57
receive,0xe7fb,0x0000,54
receive,0xe7fb,0x0000,54
receive,0xe7fb,0x0000,54
receive,0xe7fb,0x0000,57
receive,0xe7fb,0x0000,54
receive,0xe7fb,0x0000,57
receive,0xe7fb,0x0000,54
receive,0xe7fb,0x0000,54
receive,0xe7fb,0x0000,54
receive,0xe7fb,0x0000,57
receive,0xe7fb,0x0000,54
receive,0xe7fb,0x0000,54
receive,0xe7fb,0x0000,57
receive,0xe7fb,0x0000,54
receive,0xe7fb,0x0000,54
receive,0xe7fb,0x0000,54
receive,0xe7fb,0x0000,54
receive,0xe7fb,0x0000,54
receive,0xe7fb,0x0000,54
receive,0xe7fb,0x0000,54
receive,0xe7fb,0x0000,54
receive,0xe7fb,0x0000,54
receive,0xe7fb,0x0000,54
receive,0xe7fb,0x0000,54
receive,0xe7fb,0x0000,54
receive,0xe7fb,0x0000,54
receive,0xe7fb,0x0000,54
receive,0xe7fb,0x0000,54
receive,0xe7fb,0x0000,57
receive,0xe7fb,0x0000,54
receive,0xe7fb,0x0000,54
receive,0xe7fb,0x0000,57
receive,0xe7fb,0x0000,54
receive,0xe7fb,0x0000,54
receive,0xe7fb,0x0000,57
receive,0xe7fb,0x0000,54
receive,0xe7fb,0x0000,54
receive,0xe7fb,0x0000,54
receive,0xe7fb,0x0000,57
receive,0xe7fb,0x0000,54
receive,0xe7fb,0x0000,54
receive,0xe7fb,0x0000,57
receive,0xe7fb,0x0000,54
receive,0xe7fb,0x0000,54
receive,0xe7fb,0x0000,57
receive,0xe7fb,0x0000,54
receive,0xe7fb,0x0000,54
receive,0xe7fb,0x0000,57
receive,0xe7fb,0x0000,54
receive,0xe7fb,0x0000,54
receive,0xe7fb,0x0000,57
receive,0xe7fb,0x0000,54
receive,0xe7fb,0x0000,54
receive,0xe7fb,0x0000,57
receive,0xe7fb,0x0000,54
receive,0xe7fb,0x0000,54
receive,0xe7fb,0x0000,57
receive,0xe7fb,0x0000,54
receive,0xe7fb,0x0000,54
receive,0xe7fb,0x0000,57
receive,0xe7fb,0x0000,54
receive,0xe7fb,0x0000,54
receive,0xe7fb,0x0000,54
receive,0xe7fb,0x0000,57
receive,0xe7fb,0x0000,54
receive,0xe7fb,0x0000,54
receive,0xe7fb,0x0000,57
receive,0xe7fb,0x0000,54
send,0x0000,0xe7fb,54
receive,0xe7fb,0x0000,54
receive,0xe7fb,0x0000,57
receive,0xe7fb,0x0000,54
send,0x0000,0xe7fb,50
receive,0xe7fb,0x0000,45
receive,0xe7fb,0x0000,57
receive,0xe7fb,0x0000,57
receive,0xe7fb,0x0000,57
receive,0xe7fb,0x0000,54
receive,0xe7fb,0x0000,57
receive,0xe7fb,0x0000,45
send,0x0000,0xe7fb,49
receive,0xe7fb,0x0000,54
receive,0xe7fb,0x0000,57
receive,0xe7fb,0x0000,54
receive,0xe7fb,0x0000,57
receive,0xe7fb,0x0000,54
receive,0xe7fb,0x0000,54
receive,0xe7fb,0x0000,57
receive,0xe7fb,0x0000,54
receive,0xe7fb,0x0000,54
receive,0xe7fb,0x0000,57
receive,0xe7fb,0x0000,54
receive,0xe7fb,0x0000,54
receive,0xe7fb,0x0000,57
receive,0xe7fb,0x0000,54
receive,0xe7fb,0x0000,54
receive,0xe7fb,0x0000,57
receive,0xe7fb,0x0000,54
receive,0xe7fb,0x0000,54
receive,0xe7fb,0x0000,57
receive,0xe7fb,0x0000,54
receive,0xe7fb,0x0000,54
receive,0xe7fb,0x0000,57
receive,0xe7fb,0x0000,54
receive,0xe7fb,0x0000,54
receive,0xe7fb,0x0000,57
receive,0xe7fb,0x0000,54
receive,0xe7fb,0x0000,54
receive,0xe7fb,0x0000,57
receive,0xe7fb,0x0000,54
receive,0xe7fb,0x0000,54
receive,0xe7fb,0x0000,57
receive,0xe7fb,0x0000,54
receive,0xe7fb,0x0000,54
receive,0xe7fb,0x0000,57
receive,0xe7fb,0x0000,54
receive,0xe7fb,0x0000,54
receive,0xe7fb,0x0000,57
receive,0xe7fb,0x0000,54
receive,0xe7fb,0x0000,54
receive,0xe7fb,0x0000,57
receive,0xe7fb,0x0000,54
receive,0xe7fb,0x0000,57
receive,0xe7fb,0x0000,54
receive,0xe7fb,0x0000,54
receive,0xe7fb,0x0000,57
receive,0xe7fb,0x0000,54
receive,0xe7fb,0x0000,54
receive,0xe7fb,0x0000,57
receive,0xe7fb,0x0000,54
receive,0xe7fb,0x0000,54
receive,0xe7fb,0x0000,57
receive,0xe7fb,0x0000,54
receive,0xe7fb,0x0000,54
receive,0xe7fb,0x0000,57
receive,0xe7fb,0x0000,54
receive,0xe7fb,0x0000,54
receive,0xe7fb,0x0000,57
receive,0xe7fb,0x0000,54
receive,0xe7fb,0x0000,54
receive,0xe7fb,0x0000,57
receive,0xe7fb,0x0000,54
receive,0xe7fb,0x0000,54
receive,0xe7fb,0x0000,57
receive,0xe7fb,0x0000,54
receive,0xe7fb,0x0000,54
receive,0xe7fb,0x0000,57
receive,0xe7fb,0x0000,54
receive,0xe7fb,0x0000,54
receive,0xe7fb,0x0000,57
receive,0xe7fb,0x0000,54
receive,0xe7fb,0x0000,54
receive,0xe7fb,0x0000,57
receive,0xe7fb,0x0000,54
receive,0xe7fb,0x0000,54
receive,0xe7fb,0x0000,57
receive,0xe7fb,0x0000,54
receive,0xe7fb,0x0000,54
receive,0xe7fb,0x0000,57
receive,0xe7fb,0x0000,54
receive,0xe7fb,0x0000,54
receive,0xe7fb,0x0000,57
receive,0xe7fb,0x0000,54
receive,0xe7fb,0x0000,54
receive,0xe7fb,0x0000,57
receive,0xe7fb,0x0000,54
receive,0xe7fb,0x0000,54
receive,0xe7fb,0x0000,57
receive,0xe7fb,0x0000,54
receive,0xe7fb,0x0000,54
receive,0xe7fb,0x0000,54
receive,0xe7fb,0x0000,57
receive,0xe7fb,0x0000,54
receive,0xe7fb,0x0000,54
receive,0xe7fb,0x0000,57
receive,0xe7fb,0x0000,54
receive,0xe7fb,0x0000,54
receive,0xe7fb,0x0000,57
receive,0xe7fb,0x0000,54
receive,0xe7fb,0x0000,54
receive,0xe7fb,0x0000,57
receive,0xe7fb,0x0000,54
receive,0xe7fb,0x0000,54
receive,0xe7fb,0x0000,57
receive,0xe7fb,0x0000,54
receive,0xe7fb,0x0000,54
receive,0xe7fb,0x0000,57
receive,0xe7fb,0x0000,54
receive,0xe7fb,0x0000,54
receive,0xe7fb,0x0000,57
receive,0xe7fb,0x0000,54
receive,0xe7fb,0x0000,54
receive,0xe7fb,0x0000,57
receive,0xe7fb,0x0000,54
receive,0xe7fb,0x0000,54
receive,0xe7fb,0x0000,57
receive,0xe7fb,0x0000,57
receive,0xe7fb,0x0000,54
receive,0xe7fb,0x0000,54
receive,0xe7fb,0x0000,57
receive,0xe7fb,0x0000,54
receive,0xe7fb,0x0000,54
receive,0xe7fb,0x0000,57
receive,0xe7fb,0x0000,54
receive,0xe7fb,0x0000,54
receive,0xe7fb,0x0000,57
receive,0xe7fb,0x0000,54
receive,0xe7fb,0x0000,54
receive,0xe7fb,0x0000,57
receive,0xe7fb,0x0000,54
receive,0xe7fb,0x0000,54
receive,0xe7fb,0x0000,57
receive,0xe7fb,0x0000,54
receive,0xe7fb,0x0000,54
receive,0xe7fb,0x0000,57
receive,0xe7fb,0x0000,54
receive,0xe7fb,0x0000,54
receive,0xe7fb,0x0000,57
receive,0xe7fb,0x0000,54
receive,0xe7fb,0x0000,54
receive,0xe7fb,0x0000,57
receive,0xe7fb,0x0000,54
receive,0xe7fb,0x0000,54
receive,0xe7fb,0x0000,57
receive,0xe7fb,0x0000,54
receive,0xe7fb,0x0000,54
receive,0xe7fb,0x0000,57
receive,0xe7fb,0x0000,54
receive,0xe7fb,0x0000,57
receive,0xe7fb,0x0000,54
receive,0xe7fb,0x0000,54
receive,0xe7fb,0x0000,57
receive,0xe7fb,0x0000,54
receive,0xe7fb,0x0000,57
receive,0xe7fb,0x0000,54
receive,0xe7fb,0x0000,54
receive,0xe7fb,0x0000,57
receive,0xe7fb,0x0000,54
receive,0xe7fb,0x0000,54
receive,0xe7fb,0x0000,57
receive,0xe7fb,0x0000,54
receive,0xe7fb,0x0000,54
receive,0xe7fb,0x0000,57
receive,0xe7fb,0x0000,54
receive,0xe7fb,0x0000,54
receive,0xe7fb,0x0000,57
receive,0xe7fb,0x0000,54
receive,0xe7fb,0x0000,54
receive,0xe7fb,0x0000,57
receive,0xe7fb,0x0000,54
receive,0xe7fb,0x0000,54
receive,0xe7fb,0x0000,57
receive,0xe7fb,0x0000,54
receive,0xe7fb,0x0000,54
receive,0xe7fb,0x0000,57
receive,0xe7fb,0x0000,54
receive,0xe7fb,0x0000,54
receive,0xe7fb,0x0000,57
receive,0xe7fb,0x0000,54
receive,0xe7fb,0x0000,54
receive,0xe7fb,0x0000,57
receive,0xe7fb,0x0000,54
receive,0xe7fb,0x0000,54
receive,0xe7fb,0x0000,57
receive,0xe7fb,0x0000,54
receive,0xe7fb,0x0000,54
receive,0xe7fb,0x0000,57
receive,0xe7fb,0x0000,54
receive,0xe7fb,0x0000,54
receive,0xe7fb,0x0000,57
receive,0xe7fb,0x0000,54
receive,0xe7fb,0x0000,54
receive,0xe7fb,0x0000,57
receive,0xe7fb,0x0000,54
receive,0xe7fb,0x0000,54
receive,0xe7fb,0x0000,57
receive,0xe7fb,0x0000,54
receive,0xe7fb,0x0000,54
receive,0xe7fb,0x0000,57
receive,0xe7fb,0x0000,54
receive,0xe7fb,0x0000,54
receive,0xe7fb,0x0000,57
receive,0xe7fb,0x0000,54
receive,0xe7fb,0x0000,54
receive,0xe7fb,0x0000,57
receive,0xe7fb,0x0000,54
receive,0xe7fb,0x0000,54
receive,0xe7fb,0x0000,57
receive,0xe7fb,0x0000,54
receive,0xe7fb,0x0000,54
receive,0xe7fb,0x0000,54
receive,0xe7fb,0x0000,57
receive,0xe7fb,0x0000,54
send,0x0000,0xe7fb,54
send,0x0000,0xe7fb,54
send,0x0000,0xe7fb,54
send,0x0000,0xe7fb,54
send,0x0000,0xe7fb,54
send,0x0000,0xe7fb,54
send,0x0000,0xe7fb,50
send,0x0000,0xe7fb,50
receive,0xe7fb,0x0000,45
receive,0xe7fb,0x0000,57
send,0x0000,0xe7fb,50
receive,0xe7fb,0x0000,54
receive,0xe7fb,0x0000,45
receive,0xe7fb,0x0000,54
receive,0xe7fb,0x0000,54
receive,0xe7fb,0x0000,57
send,0x0000,0xe7fb,50
receive,0xe7fb,0x0000,45
receive,0xe7fb,0x0000,45
receive,0xe7fb,0x0000,57
receive,0xe7fb,0x0000,57
receive,0xe7fb,0x0000,57
receive,0xe7fb,0x0000,57
receive,0xe7fb,0x0000,45
receive,0xe7fb,0x0000,54
receive,0xe7fb,0x0000,45
receive,0xe7fb,0x0000,54
receive,0xe7fb,0x0000,45
receive,0xe7fb,0x0000,45
send,0x0000,0xe7fb,49
send,0x0000,0xe7fb,49
send,0x0000,0xe7fb,45
send,0x0000,0xe7fb,45
receive,0xe7fb,0x0000,54
receive,0xe7fb,0x0000,57
receive,0xe7fb,0x0000,54
receive,0xe7fb,0x0000,54
receive,0xe7fb,0x0000,57
receive,0xe7fb,0x0000,54
receive,0xe7fb,0x0000,54
receive,0xe7fb,0x0000,57
receive,0xe7fb,0x0000,54
receive,0xe7fb,0x0000,54
receive,0xe7fb,0x0000,57
receive,0xe7fb,0x0000,54
receive,0xe7fb,0x0000,54
receive,0xe7fb,0x0000,57
receive,0xe7fb,0x0000,54
receive,0xe7fb,0x0000,54
receive,0xe7fb,0x0000,57
receive,0xe7fb,0x0000,54
receive,0xe7fb,0x0000,54
receive,0xe7fb,0x0000,57
receive,0xe7fb,0x0000,54
receive,0xe7fb,0x0000,54
receive,0xe7fb,0x0000,57
receive,0xe7fb,0x0000,54
receive,0xe7fb,0x0000,54
receive,0xe7fb,0x0000,54
receive,0xe7fb,0x0000,57
receive,0xe7fb,0x0000,54
receive,0xe7fb,0x0000,57
receive,0xe7fb,0x0000,54
receive,0xe7fb,0x0000,54
receive,0xe7fb,0x0000,57
receive,0xe7fb,0x0000,54
receive,0xe7fb,0x0000,57
receive,0xe7fb,0x0000,54
receive,0xe7fb,0x0000,54
receive,0xe7fb,0x0000,57
receive,0xe7fb,0x0000,54
receive,0xe7fb,0x0000,54
receive,0xe7fb,0x0000,57
receive,0xe7fb,0x0000,54
receive,0xe7fb,0x0000,54
receive,0xe7fb,0x0000,57
receive,0xe7fb,0x0000,54
receive,0xe7fb,0x0000,54
receive,0xe7fb,0x0000,57
receive,0xe7fb,0x0000,54
receive,0xe7fb,0x0000,54
receive,0xe7fb,0x0000,57
receive,0xe7fb,0x0000,54
receive,0xe7fb,0x0000,54
receive,0xe7fb,0x0000,57
receive,0xe7fb,0x0000,54
receive,0xe7fb,0x0000,54
receive,0xe7fb,0x0000,57
receive,0xe7fb,0x0000,54
receive,0xe7fb,0x0000,54
receive,0xe7fb,0x0000,57
receive,0xe7fb,0x0000,54
receive,0xe7fb,0x0000,54
receive,0xe7fb,0x0000,57
receive,0xe7fb,0x0000,54
receive,0xe7fb,0x0000,54
receive,0xe7fb,0x0000,57
receive,0xe7fb,0x0000,54
receive,0xe7fb,0x0000,54
receive,0xe7fb,0x0000,57
receive,0xe7fb,0x0000,54
receive,0xe7fb,0x0000,54
receive,0xe7fb,0x0000,57
receive,0xe7fb,0x0000,54
receive,0xe7fb,0x0000,54
receive,0xe7fb,0x0000,57
receive,0xe7fb,0x0000,54
receive,0xe7fb,0x0000,54
receive,0xe7fb,0x0000,57
receive,0xe7fb,0x0000,54
receive,0xe7fb,0x0000,54
receive,0xe7fb,0x0000,57
receive,0xe7fb,0x0000,54
receive,0xe7fb,0x0000,54
receive,0xe7fb,0x0000,57
receive,0xe7fb,0x0000,54
receive,0xe7fb,0x0000,54
receive,0xe7fb,0x0000,57
receive,0xe7fb,0x0000,54
receive,0xe7fb,0x0000,54
receive,0xe7fb,0x0000,57
receive,0xe7fb,0x0000,54
receive,0xe7fb,0x0000,54
receive,0xe7fb,0x0000,57
receive,0xe7fb,0x0000,54
receive,0xe7fb,0x0000,54
receive,0xe7fb,0x0000,57
receive,0xe7fb,0x0000,54
receive,0xe7fb,0x0000,54
receive,0xe7fb,0x0000,57
receive,0xe7fb,0x0000,54
receive,0xe7fb,0x0000,54
receive,0xe7fb,0x0000,57
receive,0xe7fb,0x0000,54
receive,0xe7fb,0x0000,54
receive,0xe7fb,0x0000,57
receive,0xe7fb,0x0000,54
receive,0xe7fb,0x0000,54
receive,0xe7fb,0x0000,57
receive,0xe7fb,0x0000,54
receive,0xe7fb,0x0000,54
receive,0xe7fb,0x0000,57
receive,0xe7fb,0x0000,54
receive,0xe7fb,0x0000,54
receive,0xe7fb,0x0000,57
receive,0xe7fb,0x0000,54
receive,0xe7fb,0x0000,54
receive,0xe7fb,0x0000,57
receive,0xe7fb,0x0000,54
receive,0xe7fb,0x0000,54
receive,0xe7fb,0x0000,57
receive,0xe7fb,0x0000,54
receive,0xe7fb,0x0000,54
receive,0xe7fb,0x0000,57
receive,0xe7fb,0x0000,54
receive,0xe7fb,0x0000,57
receive,0xe7fb,0x0000,54
receive,0xe7fb,0x0000,57
receive,0xe7fb,0x0000,54
receive,0xe7fb,0x0000,54
receive,0xe7fb,0x0000,57
receive,0xe7fb,0x0000,54
receive,0xe7fb,0x0000,54
receive,0xe7fb,0x0000,57
receive,0xe7fb,0x0000,54
receive,0xe7fb,0x0000,54
receive,0xe7fb,0x0000,57
receive,0xe7fb,0x0000,54
receive,0xe7fb,0x0000,54
receive,0xe7fb,0x0000,57
receive,0xe7fb,0x0000,54
receive,0xe7fb,0x0000,54
receive,0xe7fb,0x0000,57
receive,0xe7fb,0x0000,54
receive,0xe7fb,0x0000,54
receive,0xe7fb,0x0000,57
receive,0xe7fb,0x0000,54
receive,0xe7fb,0x0000,54
receive,0xe7fb,0x0000,57
receive,0xe7fb,0x0000,54
receive,0xe7fb,0x0000,54
receive,0xe7fb,0x0000,57
receive,0xe7fb,0x0000,54
receive,0xe7fb,0x0000,54
receive,0xe7fb,0x0000,57
receive,0xe7fb,0x0000,54
receive,0xe7fb,0x0000,54
receive,0xe7fb,0x0000,57
receive,0xe7fb,0x0000,54
receive,0xe7fb,0x0000,54
receive,0xe7fb,0x0000,57
receive,0xe7fb,0x0000,54
send,0x0000,0xe7fb,54
send,0x0000,0xe7fb,54
send,0x0000,0xe7fb,54
receive,0xe7fb,0x0000,54
receive,0xe7fb,0x0000,57
receive,0xe7fb,0x0000,54
send,0x0000,0xe7fb,50
send,0x0000,0xe7fb,50
receive,0xe7fb,0x0000,45
receive,0xe7fb,0x0000,54
receive,0xe7fb,0x0000,57
send,0x0000,0xe7fb,50
receive,0xe7fb,0x0000,45
receive,0xe7fb,0x0000,45
receive,0xe7fb,0x0000,57
receive,0xe7fb,0x0000,57
receive,0xe7fb,0x0000,45
receive,0xe7fb,0x0000,54
send,0x0000,0xe7fb,49
receive,0xe7fb,0x0000,45
receive,0xe7fb,0x0000,45
send,0x0000,0xe7fb,50
send,0x0000,0xe7fb,45
receive,0xe7fb,0x0000,45
receive,0xe7fb,0x0000,54
receive,0xe7fb,0x0000,57
receive,0xe7fb,0x0000,57
receive,0xe7fb,0x0000,45
receive,0xe7fb,0x0000,54
send,0x0000,0xe7fb,49
send,0x0000,0xe7fb,45
receive,0xe7fb,0x0000,54
receive,0xe7fb,0x0000,57
receive,0xe7fb,0x0000,54
receive,0xe7fb,0x0000,54
receive,0xe7fb,0x0000,57
receive,0xe7fb,0x0000,54
receive,0xe7fb,0x0000,54
receive,0xe7fb,0x0000,57
receive,0xe7fb,0x0000,54
receive,0xe7fb,0x0000,54
receive,0xe7fb,0x0000,57
receive,0xe7fb,0x0000,54
receive,0xe7fb,0x0000,54
receive,0xe7fb,0x0000,57
receive,0xe7fb,0x0000,54
