File1,File2,Average Distance
osarm_segment_5.csv,osarm_segment_34.csv,3.268395267082438
osarm_segment_5.csv,osarm_segment_20.csv,14.316298808530608
osarm_segment_5.csv,osarm_segment_21.csv,10.590556713653736
osarm_segment_5.csv,osarm_segment_35.csv,10.15684252990307
osarm_segment_5.csv,osarm_segment_4.csv,10.197986227410382
osarm_segment_5.csv,osarm_segment_6.csv,18.10775278019301
osarm_segment_5.csv,osarm_segment_23.csv,5.135447062321552
osarm_segment_5.csv,osarm_segment_37.csv,4.438124089183137
osarm_segment_5.csv,osarm_segment_36.csv,3.268395267082438
osarm_segment_5.csv,osarm_segment_22.csv,23.398691416149944
osarm_segment_5.csv,osarm_segment_7.csv,4.164410601232987
osarm_segment_5.csv,osarm_segment_3.csv,18.06417282308273
osarm_segment_5.csv,osarm_segment_26.csv,9.53313429639331
osarm_segment_5.csv,osarm_segment_32.csv,4.037279120215176
osarm_segment_5.csv,osarm_segment_33.csv,26.360725714377555
osarm_segment_5.csv,osarm_segment_27.csv,19.51663024778492
osarm_segment_5.csv,osarm_segment_2.csv,10.23156930914061
osarm_segment_5.csv,osarm_segment_31.csv,6.347205582902629
osarm_segment_5.csv,osarm_segment_25.csv,3.5335816603609467
osarm_segment_5.csv,osarm_segment_19.csv,16.33135135647057
osarm_segment_5.csv,osarm_segment_18.csv,15.069473872582448
osarm_segment_5.csv,osarm_segment_24.csv,16.398003256513228
osarm_segment_5.csv,osarm_segment_30.csv,11.674995895511376
osarm_segment_5.csv,osarm_segment_1.csv,8.66531240410172
osarm_segment_5.csv,osarm_segment_43.csv,45.98516605024138
osarm_segment_5.csv,osarm_segment_42.csv,22.39082724504309
osarm_segment_5.csv,osarm_segment_40.csv,10.551498711043015
osarm_segment_5.csv,osarm_segment_41.csv,13.812234180469753
osarm_segment_5.csv,osarm_segment_45.csv,25.222316312194753
osarm_segment_5.csv,osarm_segment_44.csv,33.949256760920456
osarm_segment_5.csv,osarm_segment_46.csv,16.20474487111802
osarm_segment_5.csv,osarm_segment_47.csv,19.09477570563494
osarm_segment_5.csv,osarm_segment_48.csv,22.38248896471806
osarm_segment_5.csv,osarm_segment_29.csv,16.077797179911293
osarm_segment_5.csv,osarm_segment_15.csv,11.49215061964225
osarm_segment_5.csv,osarm_segment_14.csv,16.091129296656902
osarm_segment_5.csv,osarm_segment_28.csv,3.8450581569319917
osarm_segment_5.csv,osarm_segment_16.csv,16.069858064789447
osarm_segment_5.csv,osarm_segment_17.csv,13.220421605053138
osarm_segment_5.csv,osarm_segment_13.csv,9.944156830400857
osarm_segment_5.csv,osarm_segment_12.csv,10.668586354047733
osarm_segment_5.csv,osarm_segment_9.csv,22.75854943837463
osarm_segment_5.csv,osarm_segment_10.csv,10.923450735930903
osarm_segment_5.csv,osarm_segment_38.csv,6.213743487114729
osarm_segment_5.csv,osarm_segment_39.csv,15.744841609047706
osarm_segment_5.csv,osarm_segment_11.csv,15.898784415816234
osarm_segment_5.csv,osarm_segment_8.csv,15.018818265162803
osarm_segment_34.csv,osarm_segment_20.csv,12.614752070035467
osarm_segment_34.csv,osarm_segment_21.csv,8.361616823432716
osarm_segment_34.csv,osarm_segment_35.csv,7.8970260962629615
osarm_segment_34.csv,osarm_segment_4.csv,7.97712021134563
osarm_segment_34.csv,osarm_segment_6.csv,17.083741660155248
osarm_segment_34.csv,osarm_segment_23.csv,2.0679231290663154
osarm_segment_34.csv,osarm_segment_37.csv,1.3449015231013188
osarm_segment_34.csv,osarm_segment_36.csv,0.0
osarm_segment_34.csv,osarm_segment_22.csv,23.10330446794313
osarm_segment_34.csv,osarm_segment_7.csv,1.03099506903535
osarm_segment_34.csv,osarm_segment_3.csv,16.966619156944173
osarm_segment_34.csv,osarm_segment_26.csv,7.195374947552418
osarm_segment_34.csv,osarm_segment_32.csv,0.8493199507242158
osarm_segment_34.csv,osarm_segment_33.csv,26.525562334236188
osarm_segment_34.csv,osarm_segment_27.csv,18.69019590836074
osarm_segment_34.csv,osarm_segment_2.csv,7.9955211439257425
osarm_segment_34.csv,osarm_segment_31.csv,3.526873267520651
osarm_segment_34.csv,osarm_segment_25.csv,0.3046776971998629
osarm_segment_34.csv,osarm_segment_19.csv,14.93220368139644
osarm_segment_34.csv,osarm_segment_18.csv,13.550546484384254
osarm_segment_34.csv,osarm_segment_24.csv,15.089376474838474
osarm_segment_34.csv,osarm_segment_30.csv,9.682136254223431
osarm_segment_34.csv,osarm_segment_1.csv,6.176628941872066
osarm_segment_34.csv,osarm_segment_43.csv,49.0318203948634
osarm_segment_34.csv,osarm_segment_42.csv,21.791764525922535
osarm_segment_34.csv,osarm_segment_40.csv,8.355576467086252
osarm_segment_34.csv,osarm_segment_41.csv,11.999119244774782
osarm_segment_34.csv,osarm_segment_45.csv,24.908877916415737
osarm_segment_34.csv,osarm_segment_44.csv,34.82445837522592
osarm_segment_34.csv,osarm_segment_46.csv,14.775171280346493
osarm_segment_34.csv,osarm_segment_47.csv,18.17922585863122
osarm_segment_34.csv,osarm_segment_48.csv,21.967764889551088
osarm_segment_34.csv,osarm_segment_29.csv,14.679930603086829
osarm_segment_34.csv,osarm_segment_15.csv,9.438936488081438
osarm_segment_34.csv,osarm_segment_14.csv,14.624333639041705
osarm_segment_34.csv,osarm_segment_28.csv,0.6369899630431659
osarm_segment_34.csv,osarm_segment_16.csv,14.636750499926238
osarm_segment_34.csv,osarm_segment_17.csv,11.352978273636928
osarm_segment_34.csv,osarm_segment_13.csv,7.672382497883813
osarm_segment_34.csv,osarm_segment_12.csv,8.401505173048465
osarm_segment_34.csv,osarm_segment_9.csv,22.39863441925656
osarm_segment_34.csv,osarm_segment_10.csv,8.80188076976056
osarm_segment_34.csv,osarm_segment_38.csv,3.3915097916338732
osarm_segment_34.csv,osarm_segment_39.csv,14.338449046645309
osarm_segment_34.csv,osarm_segment_11.csv,14.513859599988518
osarm_segment_34.csv,osarm_segment_8.csv,13.510612760803369
osarm_segment_20.csv,osarm_segment_21.csv,17.14739513566673
osarm_segment_20.csv,osarm_segment_35.csv,16.811799725298904
osarm_segment_20.csv,osarm_segment_4.csv,16.764414824040184
osarm_segment_20.csv,osarm_segment_6.csv,21.499048764101016
osarm_segment_20.csv,osarm_segment_23.csv,13.91100485096471
osarm_segment_20.csv,osarm_segment_37.csv,13.318691189002488
osarm_segment_20.csv,osarm_segment_36.csv,12.61475207003571
osarm_segment_20.csv,osarm_segment_22.csv,24.823429912852415
osarm_segment_20.csv,osarm_segment_7.csv,13.152239673543136
osarm_segment_20.csv,osarm_segment_3.csv,21.619623846466283
osarm_segment_20.csv,osarm_segment_26.csv,16.402414008626256
osarm_segment_20.csv,osarm_segment_32.csv,13.153613560061393
osarm_segment_20.csv,osarm_segment_33.csv,26.568931264191065
osarm_segment_20.csv,osarm_segment_27.csv,22.37646766479542
osarm_segment_20.csv,osarm_segment_2.csv,16.828925400634663
osarm_segment_20.csv,osarm_segment_31.csv,14.496590873852282
osarm_segment_20.csv,osarm_segment_25.csv,12.774842404043785
osarm_segment_20.csv,osarm_segment_19.csv,20.668590510363202
osarm_segment_20.csv,osarm_segment_18.csv,19.75755920701058
osarm_segment_20.csv,osarm_segment_24.csv,20.532353149944754
osarm_segment_20.csv,osarm_segment_30.csv,17.63892160700455
osarm_segment_20.csv,osarm_segment_1.csv,15.925823286989422
osarm_segment_20.csv,osarm_segment_43.csv,38.511808355007446
osarm_segment_20.csv,osarm_segment_42.csv,24.549857702797365
osarm_segment_20.csv,osarm_segment_40.csv,17.038634374557542
osarm_segment_20.csv,osarm_segment_41.csv,19.231198235996118
osarm_segment_20.csv,osarm_segment_45.csv,26.5516679340384
osarm_segment_20.csv,osarm_segment_44.csv,32.06053139569491
osarm_segment_20.csv,osarm_segment_46.csv,20.615359024937195
osarm_segment_20.csv,osarm_segment_47.csv,22.17914865947486
osarm_segment_20.csv,osarm_segment_48.csv,24.139789910977804
osarm_segment_20.csv,osarm_segment_29.csv,20.42994951160373
osarm_segment_20.csv,osarm_segment_15.csv,17.60127928933716
osarm_segment_20.csv,osarm_segment_14.csv,20.59334185432993
osarm_segment_20.csv,osarm_segment_28.csv,13.018898187554983
osarm_segment_20.csv,osarm_segment_16.csv,20.499735453294967
osarm_segment_20.csv,osarm_segment_17.csv,18.801414218971612
osarm_segment_20.csv,osarm_segment_13.csv,16.639920569322264
osarm_segment_20.csv,osarm_segment_12.csv,17.3034754670586
osarm_segment_20.csv,osarm_segment_9.csv,24.369335293751494
osarm_segment_20.csv,osarm_segment_10.csv,17.221585109582875
osarm_segment_20.csv,osarm_segment_38.csv,14.376679834498866
osarm_segment_20.csv,osarm_segment_39.csv,20.139193475862985
osarm_segment_20.csv,osarm_segment_11.csv,20.23512424062602
osarm_segment_20.csv,osarm_segment_8.csv,19.68702618383096
osarm_segment_21.csv,osarm_segment_35.csv,13.804873793649138
osarm_segment_21.csv,osarm_segment_4.csv,13.800419837624176
osarm_segment_21.csv,osarm_segment_6.csv,20.00720372204041
osarm_segment_21.csv,osarm_segment_23.csv,9.918046758702479
osarm_segment_21.csv,osarm_segment_37.csv,9.281481637016185
osarm_segment_21.csv,osarm_segment_36.csv,8.3616168234324
osarm_segment_21.csv,osarm_segment_22.csv,24.2392660576327
osarm_segment_21.csv,osarm_segment_7.csv,9.065491668321329
osarm_segment_21.csv,osarm_segment_3.csv,20.04846771161828
osarm_segment_21.csv,osarm_segment_26.csv,13.296990140632559
osarm_segment_21.csv,osarm_segment_32.csv,9.00513855890672
osarm_segment_21.csv,osarm_segment_33.csv,26.547899936657235
osarm_segment_21.csv,osarm_segment_27.csv,21.130189244337
osarm_segment_21.csv,osarm_segment_2.csv,13.8485709781475
osarm_segment_21.csv,osarm_segment_31.csv,10.797376817058456
osarm_segment_21.csv,osarm_segment_25.csv,8.570354411314732
osarm_segment_21.csv,osarm_segment_19.csv,18.73226628507877
osarm_segment_21.csv,osarm_segment_18.csv,17.66209710526093
osarm_segment_21.csv,osarm_segment_24.csv,18.6943774039473
osarm_segment_21.csv,osarm_segment_30.csv,14.954508193414302
osarm_segment_21.csv,osarm_segment_1.csv,12.637647545740311
osarm_segment_21.csv,osarm_segment_43.csv,42.045246986320095
osarm_segment_21.csv,osarm_segment_42.csv,23.60912936000146
osarm_segment_21.csv,osarm_segment_40.csv,14.109203305916502
osarm_segment_21.csv,osarm_segment_41.csv,16.78756777892084
osarm_segment_21.csv,osarm_segment_45.csv,25.982025282207093
osarm_segment_21.csv,osarm_segment_44.csv,32.97187424126142
osarm_segment_21.csv,osarm_segment_46.csv,18.640298463504365
osarm_segment_21.csv,osarm_segment_47.csv,20.826603259066722
osarm_segment_21.csv,osarm_segment_48.csv,23.403191216379128
osarm_segment_21.csv,osarm_segment_29.csv,18.48826333528832
osarm_segment_21.csv,osarm_segment_15.csv,14.848167609411268
osarm_segment_21.csv,osarm_segment_14.csv,18.577877693660607
osarm_segment_21.csv,osarm_segment_28.csv,8.844258125038142
osarm_segment_21.csv,osarm_segment_16.csv,18.520217443989853
osarm_segment_21.csv,osarm_segment_17.csv,16.28851027844149
osarm_segment_21.csv,osarm_segment_13.csv,13.61446409337094
osarm_segment_21.csv,osarm_segment_12.csv,14.300709403455002
osarm_segment_21.csv,osarm_segment_9.csv,23.70094621137534
osarm_segment_21.csv,osarm_segment_10.csv,14.380650456468265
osarm_segment_21.csv,osarm_segment_38.csv,10.672185862527826
osarm_segment_21.csv,osarm_segment_39.csv,18.18082037826797
osarm_segment_21.csv,osarm_segment_11.csv,18.30345879943897
osarm_segment_21.csv,osarm_segment_8.csv,17.6022457312858
osarm_segment_35.csv,osarm_segment_4.csv,13.407790723064982
osarm_segment_35.csv,osarm_segment_6.csv,19.694904527211865
osarm_segment_35.csv,osarm_segment_23.csv,9.480881876845805
osarm_segment_35.csv,osarm_segment_37.csv,8.829340037988294
osarm_segment_35.csv,osarm_segment_36.csv,7.897026096262655
osarm_segment_35.csv,osarm_segment_22.csv,23.991423150853883
osarm_segment_35.csv,osarm_segment_7.csv,8.609825992422723
osarm_segment_35.csv,osarm_segment_3.csv,19.740781071808915
osarm_segment_35.csv,osarm_segment_26.csv,12.898575315935323
osarm_segment_35.csv,osarm_segment_32.csv,8.55201658898458
osarm_segment_35.csv,osarm_segment_33.csv,26.338496686003054
osarm_segment_35.csv,osarm_segment_27.csv,20.835173368108997
osarm_segment_35.csv,osarm_segment_2.csv,13.460538051054602
osarm_segment_35.csv,osarm_segment_31.csv,10.366832886124238
osarm_segment_35.csv,osarm_segment_25.csv,8.10889826018657
osarm_segment_35.csv,osarm_segment_19.csv,18.413529682014513
osarm_segment_35.csv,osarm_segment_18.csv,17.324642517504806
osarm_segment_35.csv,osarm_segment_24.csv,18.368842509778766
osarm_segment_35.csv,osarm_segment_30.csv,14.575437236214544
osarm_segment_35.csv,osarm_segment_1.csv,12.233685248706767
osarm_segment_35.csv,osarm_segment_43.csv,42.0444204330397
osarm_segment_35.csv,osarm_segment_42.csv,23.379672242054713
osarm_segment_35.csv,osarm_segment_40.csv,13.725530837176587
osarm_segment_35.csv,osarm_segment_41.csv,16.453796346598697
osarm_segment_35.csv,osarm_segment_45.csv,25.810165755251433
osarm_segment_35.csv,osarm_segment_44.csv,32.91330091203993
osarm_segment_35.csv,osarm_segment_46.csv,18.328210489312372
osarm_segment_35.csv,osarm_segment_47.csv,20.53326518369127
osarm_segment_35.csv,osarm_segment_48.csv,23.14156292506165
osarm_segment_35.csv,osarm_segment_29.csv,18.16566380206299
osarm_segment_35.csv,osarm_segment_15.csv,14.46731877773763
osarm_segment_35.csv,osarm_segment_14.csv,18.264169158107975
osarm_segment_35.csv,osarm_segment_28.csv,8.3882689658041
osarm_segment_35.csv,osarm_segment_16.csv,18.201258246488745
osarm_segment_35.csv,osarm_segment_17.csv,15.93608937689733
osarm_segment_35.csv,osarm_segment_13.csv,13.22420613944068
osarm_segment_35.csv,osarm_segment_12.csv,13.926172440361112
osarm_segment_35.csv,osarm_segment_9.csv,23.441398851049655
osarm_segment_35.csv,osarm_segment_10.csv,13.9981297237534
osarm_segment_35.csv,osarm_segment_38.csv,10.23846897706667
osarm_segment_35.csv,osarm_segment_39.csv,17.847628785783492
osarm_segment_35.csv,osarm_segment_11.csv,17.973349898864367
osarm_segment_35.csv,osarm_segment_8.csv,17.258864627818618
osarm_segment_4.csv,osarm_segment_6.csv,19.57177737167954
osarm_segment_4.csv,osarm_segment_23.csv,9.554729145965108
osarm_segment_4.csv,osarm_segment_37.csv,8.89356733114032
osarm_segment_4.csv,osarm_segment_36.csv,7.977120211345823
osarm_segment_4.csv,osarm_segment_22.csv,23.812611572696735
osarm_segment_4.csv,osarm_segment_7.csv,8.677620585231708
osarm_segment_4.csv,osarm_segment_3.csv,19.634271822317704
osarm_segment_4.csv,osarm_segment_26.csv,12.896973777108089
osarm_segment_4.csv,osarm_segment_32.csv,8.630157150974243
osarm_segment_4.csv,osarm_segment_33.csv,26.113721111569028
osarm_segment_4.csv,osarm_segment_27.csv,20.696310219123394
osarm_segment_4.csv,osarm_segment_2.csv,13.44977114645492
osarm_segment_4.csv,osarm_segment_31.csv,10.408856082012289
osarm_segment_4.csv,osarm_segment_25.csv,8.185458953765329
osarm_segment_4.csv,osarm_segment_19.csv,18.339704592477002
osarm_segment_4.csv,osarm_segment_18.csv,17.25134977901967
osarm_segment_4.csv,osarm_segment_24.csv,18.275219850709934
osarm_segment_4.csv,osarm_segment_30.csv,14.53952430930331
osarm_segment_4.csv,osarm_segment_1.csv,12.248295419412633
osarm_segment_4.csv,osarm_segment_43.csv,41.5706150087137
osarm_segment_4.csv,osarm_segment_42.csv,23.24720206191602
osarm_segment_4.csv,osarm_segment_40.csv,13.712308136132005
osarm_segment_4.csv,osarm_segment_41.csv,16.421374879089356
osarm_segment_4.csv,osarm_segment_45.csv,25.670521754740935
osarm_segment_4.csv,osarm_segment_44.csv,32.682859539577976
osarm_segment_4.csv,osarm_segment_46.csv,18.257662120024058
osarm_segment_4.csv,osarm_segment_47.csv,20.405512594184895
osarm_segment_4.csv,osarm_segment_48.csv,22.968353605718967
osarm_segment_4.csv,osarm_segment_29.csv,18.085736095310214
osarm_segment_4.csv,osarm_segment_15.csv,14.442430731471463
osarm_segment_4.csv,osarm_segment_14.csv,18.200769632293365
osarm_segment_4.csv,osarm_segment_28.csv,8.466897916067138
osarm_segment_4.csv,osarm_segment_16.csv,18.129465059943666
osarm_segment_4.csv,osarm_segment_17.csv,15.904974438052413
osarm_segment_4.csv,osarm_segment_13.csv,13.215276781946287
osarm_segment_4.csv,osarm_segment_12.csv,13.932790544704126
osarm_segment_4.csv,osarm_segment_9.csv,23.263624806356898
osarm_segment_4.csv,osarm_segment_10.csv,13.97545112709205
osarm_segment_4.csv,osarm_segment_38.csv,10.278034166908057
osarm_segment_4.csv,osarm_segment_39.csv,17.76281432632323
osarm_segment_4.csv,osarm_segment_11.csv,17.886235686413638
osarm_segment_4.csv,osarm_segment_8.csv,17.182365665695066
osarm_segment_6.csv,osarm_segment_23.csv,18.101808185181206
osarm_segment_6.csv,osarm_segment_37.csv,17.51089281265276
osarm_segment_6.csv,osarm_segment_36.csv,17.08374166015587
osarm_segment_6.csv,osarm_segment_22.csv,24.6125937287206
osarm_segment_6.csv,osarm_segment_7.csv,17.406623054377402
osarm_segment_6.csv,osarm_segment_3.csv,22.671525448772755
osarm_segment_6.csv,osarm_segment_26.csv,19.40234506062153
osarm_segment_6.csv,osarm_segment_32.csv,17.51268088088543
osarm_segment_6.csv,osarm_segment_33.csv,25.63695847970316
osarm_segment_6.csv,osarm_segment_27.csv,22.97757492715514
osarm_segment_6.csv,osarm_segment_2.csv,19.673359356391753
osarm_segment_6.csv,osarm_segment_31.csv,18.2640190393427
osarm_segment_6.csv,osarm_segment_25.csv,17.1821115717489
osarm_segment_6.csv,osarm_segment_19.csv,22.22426866929914
osarm_segment_6.csv,osarm_segment_18.csv,21.47053872393862
osarm_segment_6.csv,osarm_segment_24.csv,21.90526419638086
osarm_segment_6.csv,osarm_segment_30.csv,20.0793534478474
osarm_segment_6.csv,osarm_segment_1.csv,19.17764130852503
osarm_segment_6.csv,osarm_segment_43.csv,33.0301472861656
osarm_segment_6.csv,osarm_segment_42.csv,24.90031600148133
osarm_segment_6.csv,osarm_segment_40.csv,19.824952350919812
osarm_segment_6.csv,osarm_segment_41.csv,21.466247730040205
osarm_segment_6.csv,osarm_segment_45.csv,26.53405352572927
osarm_segment_6.csv,osarm_segment_44.csv,30.229619968430747
osarm_segment_6.csv,osarm_segment_46.csv,22.22711470809612
osarm_segment_6.csv,osarm_segment_47.csv,22.940191690530135
osarm_segment_6.csv,osarm_segment_48.csv,24.10100066182113
osarm_segment_6.csv,osarm_segment_29.csv,21.968563962144955
osarm_segment_6.csv,osarm_segment_15.csv,20.14803206192621
osarm_segment_6.csv,osarm_segment_14.csv,22.27998842479318
osarm_segment_6.csv,osarm_segment_28.csv,17.40544607570306
osarm_segment_6.csv,osarm_segment_16.csv,22.11226390775752
osarm_segment_6.csv,osarm_segment_17.csv,21.09652055511103
osarm_segment_6.csv,osarm_segment_13.csv,19.54124798796789
osarm_segment_6.csv,osarm_segment_12.csv,20.24531586851247
osarm_segment_6.csv,osarm_segment_9.csv,24.240662994247156
osarm_segment_6.csv,osarm_segment_10.csv,19.878145810999474
osarm_segment_6.csv,osarm_segment_38.csv,18.138065953824086
osarm_segment_6.csv,osarm_segment_39.csv,21.66532562937845
osarm_segment_6.csv,osarm_segment_11.csv,21.730416113281727
osarm_segment_6.csv,osarm_segment_8.csv,21.366573842248375
osarm_segment_23.csv,osarm_segment_37.csv,3.3302007949508914
osarm_segment_23.csv,osarm_segment_36.csv,2.067923129066275
osarm_segment_23.csv,osarm_segment_22.csv,23.753937663794055
osarm_segment_23.csv,osarm_segment_7.csv,3.0355596461242493
osarm_segment_23.csv,osarm_segment_3.csv,17.994312667368547
osarm_segment_23.csv,osarm_segment_26.csv,8.821728240797349
osarm_segment_23.csv,osarm_segment_32.csv,2.8663446482966637
osarm_segment_23.csv,osarm_segment_33.csv,26.96494999487375
osarm_segment_23.csv,osarm_segment_27.csv,19.61007948682187
osarm_segment_23.csv,osarm_segment_2.csv,9.572736085392965
osarm_segment_23.csv,osarm_segment_31.csv,5.378678271448605
osarm_segment_23.csv,osarm_segment_25.csv,2.3538870336426605
osarm_segment_23.csv,osarm_segment_19.csv,16.086245782565854
osarm_segment_23.csv,osarm_segment_18.csv,14.786969485173584
osarm_segment_23.csv,osarm_segment_24.csv,16.230918910169294
osarm_segment_23.csv,osarm_segment_30.csv,11.154957399986115
osarm_segment_23.csv,osarm_segment_1.csv,7.866250200155731
osarm_segment_23.csv,osarm_segment_43.csv,48.09548362364622
osarm_segment_23.csv,osarm_segment_42.csv,22.529352449960793
osarm_segment_23.csv,osarm_segment_40.csv,9.910979615417949
osarm_segment_23.csv,osarm_segment_41.csv,13.334287679517189
osarm_segment_23.csv,osarm_segment_45.csv,25.457443659452288
osarm_segment_23.csv,osarm_segment_44.csv,34.7676258365084
osarm_segment_23.csv,osarm_segment_46.csv,15.93885232903531
osarm_segment_23.csv,osarm_segment_47.csv,19.13128891783953
osarm_segment_23.csv,osarm_segment_48.csv,22.686936549135037
osarm_segment_23.csv,osarm_segment_29.csv,15.84801032023658
osarm_segment_23.csv,osarm_segment_15.csv,10.928000776440484
osarm_segment_23.csv,osarm_segment_14.csv,15.798369993790246
osarm_segment_23.csv,osarm_segment_28.csv,2.66673926848911
osarm_segment_23.csv,osarm_segment_16.csv,15.808685989242933
osarm_segment_23.csv,osarm_segment_17.csv,12.727038634058946
osarm_segment_23.csv,osarm_segment_13.csv,9.269130325978683
osarm_segment_23.csv,osarm_segment_12.csv,9.957316618734504
osarm_segment_23.csv,osarm_segment_9.csv,23.09140950134149
osarm_segment_23.csv,osarm_segment_10.csv,10.329177247163843
osarm_segment_23.csv,osarm_segment_38.csv,5.250988229382966
osarm_segment_23.csv,osarm_segment_39.csv,15.52612024235774
osarm_segment_23.csv,osarm_segment_11.csv,15.69072429237374
osarm_segment_23.csv,osarm_segment_8.csv,14.748924313097355
osarm_segment_37.csv,osarm_segment_36.csv,1.3449015231013193
osarm_segment_37.csv,osarm_segment_22.csv,23.232463179289766
osarm_segment_37.csv,osarm_segment_7.csv,2.3205502365390758
osarm_segment_37.csv,osarm_segment_3.csv,17.42331024562767
osarm_segment_37.csv,osarm_segment_26.csv,8.159701600758558
osarm_segment_37.csv,osarm_segment_32.csv,2.1611315089760534
osarm_segment_37.csv,osarm_segment_33.csv,26.46687666382741
osarm_segment_37.csv,osarm_segment_27.csv,19.03655480973416
osarm_segment_37.csv,osarm_segment_2.csv,8.918318856386545
osarm_segment_37.csv,osarm_segment_31.csv,4.688523619092057
osarm_segment_37.csv,osarm_segment_25.csv,1.6334534619722667
osarm_segment_37.csv,osarm_segment_19.csv,15.512241816988023
osarm_segment_37.csv,osarm_segment_18.csv,14.180160919600734
osarm_segment_37.csv,osarm_segment_24.csv,15.63289263811996
osarm_segment_37.csv,osarm_segment_30.csv,10.505419201225466
osarm_segment_37.csv,osarm_segment_1.csv,7.202551149821599
osarm_segment_37.csv,osarm_segment_43.csv,47.79343749781066
osarm_segment_37.csv,osarm_segment_42.csv,22.04240885104871
osarm_segment_37.csv,osarm_segment_40.csv,9.261978273228541
osarm_segment_37.csv,osarm_segment_41.csv,12.74779165057485
osarm_segment_37.csv,osarm_segment_45.csv,25.040862013270335
osarm_segment_37.csv,osarm_segment_44.csv,34.468319054151195
osarm_segment_37.csv,osarm_segment_46.csv,15.366581574201561
osarm_segment_37.csv,osarm_segment_47.csv,18.562123870598718
osarm_segment_37.csv,osarm_segment_48.csv,22.145868846286962
osarm_segment_37.csv,osarm_segment_29.csv,15.259921750227747
osarm_segment_37.csv,osarm_segment_15.csv,10.286553351954035
osarm_segment_37.csv,osarm_segment_14.csv,15.232215227869068
osarm_segment_37.csv,osarm_segment_28.csv,1.9570740125073698
osarm_segment_37.csv,osarm_segment_16.csv,15.231045916167087
osarm_segment_37.csv,osarm_segment_17.csv,12.124364581399382
osarm_segment_37.csv,osarm_segment_13.csv,8.610086251521498
osarm_segment_37.csv,osarm_segment_12.csv,9.336530771105167
osarm_segment_37.csv,osarm_segment_9.csv,22.554030302596487
osarm_segment_37.csv,osarm_segment_10.csv,9.677805012584352
osarm_segment_37.csv,osarm_segment_38.csv,4.5540715803505964
osarm_segment_37.csv,osarm_segment_39.csv,14.92193836789854
osarm_segment_37.csv,osarm_segment_11.csv,15.088497510382211
osarm_segment_37.csv,osarm_segment_8.csv,14.135585184249544
osarm_segment_36.csv,osarm_segment_22.csv,23.10330446794313
osarm_segment_36.csv,osarm_segment_7.csv,1.03099506903535
osarm_segment_36.csv,osarm_segment_3.csv,16.966619156944173
osarm_segment_36.csv,osarm_segment_26.csv,7.195374947552418
osarm_segment_36.csv,osarm_segment_32.csv,0.8493199507242158
osarm_segment_36.csv,osarm_segment_33.csv,26.525562334236188
osarm_segment_36.csv,osarm_segment_27.csv,18.69019590836074
osarm_segment_36.csv,osarm_segment_2.csv,7.9955211439257425
osarm_segment_36.csv,osarm_segment_31.csv,3.526873267520651
osarm_segment_36.csv,osarm_segment_25.csv,0.3046776971998629
osarm_segment_36.csv,osarm_segment_19.csv,14.93220368139644
osarm_segment_36.csv,osarm_segment_18.csv,13.550546484384254
osarm_segment_36.csv,osarm_segment_24.csv,15.089376474838474
osarm_segment_36.csv,osarm_segment_30.csv,9.682136254223431
osarm_segment_36.csv,osarm_segment_1.csv,6.176628941872066
osarm_segment_36.csv,osarm_segment_43.csv,49.0318203948634
osarm_segment_36.csv,osarm_segment_42.csv,21.791764525922535
osarm_segment_36.csv,osarm_segment_40.csv,8.355576467086252
osarm_segment_36.csv,osarm_segment_41.csv,11.999119244774782
osarm_segment_36.csv,osarm_segment_45.csv,24.908877916415737
osarm_segment_36.csv,osarm_segment_44.csv,34.82445837522592
osarm_segment_36.csv,osarm_segment_46.csv,14.775171280346493
osarm_segment_36.csv,osarm_segment_47.csv,18.17922585863122
osarm_segment_36.csv,osarm_segment_48.csv,21.967764889551088
osarm_segment_36.csv,osarm_segment_29.csv,14.679930603086829
osarm_segment_36.csv,osarm_segment_15.csv,9.438936488081438
osarm_segment_36.csv,osarm_segment_14.csv,14.624333639041705
osarm_segment_36.csv,osarm_segment_28.csv,0.6369899630431659
osarm_segment_36.csv,osarm_segment_16.csv,14.636750499926238
osarm_segment_36.csv,osarm_segment_17.csv,11.352978273636928
osarm_segment_36.csv,osarm_segment_13.csv,7.672382497883813
osarm_segment_36.csv,osarm_segment_12.csv,8.401505173048465
osarm_segment_36.csv,osarm_segment_9.csv,22.39863441925656
osarm_segment_36.csv,osarm_segment_10.csv,8.80188076976056
osarm_segment_36.csv,osarm_segment_38.csv,3.3915097916338732
osarm_segment_36.csv,osarm_segment_39.csv,14.338449046645309
osarm_segment_36.csv,osarm_segment_11.csv,14.513859599988518
osarm_segment_36.csv,osarm_segment_8.csv,13.510612760803369
osarm_segment_22.csv,osarm_segment_7.csv,23.19697811265607
osarm_segment_22.csv,osarm_segment_3.csv,24.984251320181112
osarm_segment_22.csv,osarm_segment_26.csv,23.836206224141314
osarm_segment_22.csv,osarm_segment_32.csv,23.384083135283014
osarm_segment_22.csv,osarm_segment_33.csv,25.80553260286934
osarm_segment_22.csv,osarm_segment_27.csv,24.845849469994384
osarm_segment_22.csv,osarm_segment_2.csv,23.93305545327326
osarm_segment_22.csv,osarm_segment_31.csv,23.517050366139287
osarm_segment_22.csv,osarm_segment_25.csv,23.134270451904758
osarm_segment_22.csv,osarm_segment_19.csv,25.03565201361676
osarm_segment_22.csv,osarm_segment_18.csv,24.507617769495134
osarm_segment_22.csv,osarm_segment_24.csv,24.58859409081662
osarm_segment_22.csv,osarm_segment_30.csv,23.93511232399619
osarm_segment_22.csv,osarm_segment_1.csv,23.861406535118203
osarm_segment_22.csv,osarm_segment_43.csv,28.28625492528708
osarm_segment_22.csv,osarm_segment_42.csv,26.320343487892497
osarm_segment_22.csv,osarm_segment_40.csv,24.013546884541995
osarm_segment_22.csv,osarm_segment_41.csv,24.969905320966937
osarm_segment_22.csv,osarm_segment_45.csv,27.420202303281496
osarm_segment_22.csv,osarm_segment_44.csv,29.055305640938478
osarm_segment_22.csv,osarm_segment_46.csv,25.08720550227029
osarm_segment_22.csv,osarm_segment_47.csv,24.951183174838214
osarm_segment_22.csv,osarm_segment_48.csv,25.262768015185355
osarm_segment_22.csv,osarm_segment_29.csv,24.789782112156278
osarm_segment_22.csv,osarm_segment_15.csv,24.096068125397927
osarm_segment_22.csv,osarm_segment_14.csv,25.19498341219119
osarm_segment_22.csv,osarm_segment_28.csv,23.31388846844767
osarm_segment_22.csv,osarm_segment_16.csv,24.9821262065625
osarm_segment_22.csv,osarm_segment_17.csv,24.70415602277943
osarm_segment_22.csv,osarm_segment_13.csv,23.863198561163394
osarm_segment_22.csv,osarm_segment_12.csv,24.526037479069164
osarm_segment_22.csv,osarm_segment_9.csv,25.30925096105727
osarm_segment_22.csv,osarm_segment_10.csv,23.94687753151588
osarm_segment_22.csv,osarm_segment_38.csv,23.40020644101898
osarm_segment_22.csv,osarm_segment_39.csv,24.515033666998896
osarm_segment_22.csv,osarm_segment_11.csv,24.54327432225431
osarm_segment_22.csv,osarm_segment_8.csv,24.39263412134237
osarm_segment_7.csv,osarm_segment_3.csv,17.31246572032877
osarm_segment_7.csv,osarm_segment_26.csv,7.932837538568815
osarm_segment_7.csv,osarm_segment_32.csv,1.8549517896627614
osarm_segment_7.csv,osarm_segment_33.csv,26.475044634767947
osarm_segment_7.csv,osarm_segment_27.csv,18.950974527079627
osarm_segment_7.csv,osarm_segment_2.csv,8.701229507269346
osarm_segment_7.csv,osarm_segment_31.csv,4.4166489398221564
osarm_segment_7.csv,osarm_segment_25.csv,1.3232779399613905
osarm_segment_7.csv,osarm_segment_19.csv,15.373662397958913
osarm_segment_7.csv,osarm_segment_18.csv,14.030126378518629
osarm_segment_7.csv,osarm_segment_24.csv,15.502374574867487
osarm_segment_7.csv,osarm_segment_30.csv,10.31060172986491
osarm_segment_7.csv,osarm_segment_1.csv,6.961823531413276
osarm_segment_7.csv,osarm_segment_43.csv,48.071216987049674
osarm_segment_7.csv,osarm_segment_42.csv,21.980702357950772
osarm_segment_7.csv,osarm_segment_40.csv,9.048718192294745
osarm_segment_7.csv,osarm_segment_41.csv,12.571434092158233
osarm_segment_7.csv,osarm_segment_45.csv,25.00813294552149
osarm_segment_7.csv,osarm_segment_44.csv,34.54864807614146
osarm_segment_7.csv,osarm_segment_46.csv,15.225939461089814
osarm_segment_7.csv,osarm_segment_47.csv,18.468612269898113
osarm_segment_7.csv,osarm_segment_48.csv,22.09902507300697
osarm_segment_7.csv,osarm_segment_29.csv,15.121480820978784
osarm_segment_7.csv,osarm_segment_15.csv,10.086062546515791
osarm_segment_7.csv,osarm_segment_14.csv,15.087874082449662
osarm_segment_7.csv,osarm_segment_28.csv,1.6489626095058965
osarm_segment_7.csv,osarm_segment_16.csv,15.089495902272501
osarm_segment_7.csv,osarm_segment_17.csv,11.941925960758576
osarm_segment_7.csv,osarm_segment_13.csv,8.38975461077761
osarm_segment_7.csv,osarm_segment_12.csv,9.117065164132303
osarm_segment_7.csv,osarm_segment_9.csv,22.512158463193952
osarm_segment_7.csv,osarm_segment_10.csv,9.471308252840117
osarm_segment_7.csv,osarm_segment_38.csv,4.281894072590019
osarm_segment_7.csv,osarm_segment_39.csv,14.78222796574101
osarm_segment_7.csv,osarm_segment_11.csv,14.950887836781185
osarm_segment_7.csv,osarm_segment_8.csv,13.986115298874044
osarm_segment_3.csv,osarm_segment_26.csv,19.43986932570917
osarm_segment_3.csv,osarm_segment_32.csv,17.398443634787544
osarm_segment_3.csv,osarm_segment_33.csv,26.09224862700019
osarm_segment_3.csv,osarm_segment_27.csv,23.275103001002105
osarm_segment_3.csv,osarm_segment_2.csv,19.727649447494684
osarm_segment_3.csv,osarm_segment_31.csv,18.218494366748775
osarm_segment_3.csv,osarm_segment_25.csv,17.071596584158304
osarm_segment_3.csv,osarm_segment_19.csv,22.395686349664892
osarm_segment_3.csv,osarm_segment_18.csv,21.643174309065554
osarm_segment_3.csv,osarm_segment_24.csv,22.116855339694265
osarm_segment_3.csv,osarm_segment_30.csv,20.18256956421533
osarm_segment_3.csv,osarm_segment_1.csv,19.18343451146103
osarm_segment_3.csv,osarm_segment_43.csv,33.960645586548424
osarm_segment_3.csv,osarm_segment_42.csv,25.181928639999256
osarm_segment_3.csv,osarm_segment_40.csv,19.883419865049376
osarm_segment_3.csv,osarm_segment_41.csv,21.558990560931555
osarm_segment_3.csv,osarm_segment_45.csv,26.824064950960942
osarm_segment_3.csv,osarm_segment_44.csv,30.68806409228532
osarm_segment_3.csv,osarm_segment_46.csv,22.39299228107038
osarm_segment_3.csv,osarm_segment_47.csv,23.215135237047097
osarm_segment_3.csv,osarm_segment_48.csv,24.462798524725446
osarm_segment_3.csv,osarm_segment_29.csv,22.152619030303615
osarm_segment_3.csv,osarm_segment_15.csv,20.230567858132737
osarm_segment_3.csv,osarm_segment_14.csv,22.430669707238277
osarm_segment_3.csv,osarm_segment_28.csv,17.29048751532695
osarm_segment_3.csv,osarm_segment_16.csv,22.279828656793146
osarm_segment_3.csv,osarm_segment_17.csv,21.188227628045123
osarm_segment_3.csv,osarm_segment_13.csv,19.591579099643393
osarm_segment_3.csv,osarm_segment_12.csv,20.26434309724899
osarm_segment_3.csv,osarm_segment_9.csv,24.611123373217968
osarm_segment_3.csv,osarm_segment_10.csv,19.954968138494095
osarm_segment_3.csv,osarm_segment_38.csv,18.09781770975759
osarm_segment_3.csv,osarm_segment_39.csv,21.860249226101278
osarm_segment_3.csv,osarm_segment_11.csv,21.928637816425
osarm_segment_3.csv,osarm_segment_8.csv,21.546491086719755
osarm_segment_26.csv,osarm_segment_32.csv,7.8676302631478645
osarm_segment_26.csv,osarm_segment_33.csv,26.264817272369644
osarm_segment_26.csv,osarm_segment_27.csv,20.579456133239166
osarm_segment_26.csv,osarm_segment_2.csv,12.948101521672228
osarm_segment_26.csv,osarm_segment_31.csv,9.748045292809419
osarm_segment_26.csv,osarm_segment_25.csv,7.414422848082286
osarm_segment_26.csv,osarm_segment_19.csv,18.06007698556317
osarm_segment_26.csv,osarm_segment_18.csv,16.943990447683678
osarm_segment_26.csv,osarm_segment_24.csv,18.02593477328602
osarm_segment_26.csv,osarm_segment_30.csv,14.106050160273572
osarm_segment_26.csv,osarm_segment_1.csv,11.676550378509132
osarm_segment_26.csv,osarm_segment_43.csv,42.501869737518135
osarm_segment_26.csv,osarm_segment_42.csv,23.17830507162691
osarm_segment_26.csv,osarm_segment_40.csv,13.22091973120735
osarm_segment_26.csv,osarm_segment_41.csv,16.02637956320545
osarm_segment_26.csv,osarm_segment_45.csv,25.66926302297048
osarm_segment_26.csv,osarm_segment_44.csv,32.99671562767821
osarm_segment_26.csv,osarm_segment_46.csv,17.969111532455713
osarm_segment_26.csv,osarm_segment_47.csv,20.26267144817806
osarm_segment_26.csv,osarm_segment_48.csv,22.962169190489607
osarm_segment_26.csv,osarm_segment_29.csv,17.80914420395708
osarm_segment_26.csv,osarm_segment_15.csv,13.9897851258657
osarm_segment_26.csv,osarm_segment_14.csv,17.899974143375655
osarm_segment_26.csv,osarm_segment_28.csv,7.699566434249026
osarm_segment_26.csv,osarm_segment_16.csv,17.840700950774092
osarm_segment_26.csv,osarm_segment_17.csv,15.4974135042239
osarm_segment_26.csv,osarm_segment_13.csv,12.70438653520213
osarm_segment_26.csv,osarm_segment_12.csv,13.415196239985603
osarm_segment_26.csv,osarm_segment_9.csv,23.272415261500466
osarm_segment_26.csv,osarm_segment_10.csv,13.50594867981232
osarm_segment_26.csv,osarm_segment_38.csv,9.617966955288544
osarm_segment_26.csv,osarm_segment_39.csv,17.486966520209396
osarm_segment_26.csv,osarm_segment_11.csv,17.616551556700554
osarm_segment_26.csv,osarm_segment_8.csv,16.879450534126843
osarm_segment_32.csv,osarm_segment_33.csv,26.722106011491416
osarm_segment_32.csv,osarm_segment_27.csv,19.079592602194246
osarm_segment_32.csv,osarm_segment_2.csv,8.648075724239952
osarm_segment_32.csv,osarm_segment_31.csv,4.28940081417966
osarm_segment_32.csv,osarm_segment_25.csv,1.146498107338709
osarm_segment_32.csv,osarm_segment_19.csv,15.414065209622107
osarm_segment_32.csv,osarm_segment_18.csv,14.066402486078317
osarm_segment_32.csv,osarm_segment_24.csv,15.567371458017828
osarm_segment_32.csv,osarm_segment_30.csv,10.293209418237538
osarm_segment_32.csv,osarm_segment_1.csv,6.873944629952302
osarm_segment_32.csv,osarm_segment_43.csv,48.67636529585957
osarm_segment_32.csv,osarm_segment_42.csv,22.10548128625183
osarm_segment_32.csv,osarm_segment_40.csv,8.999265734292386
osarm_segment_32.csv,osarm_segment_41.csv,12.55312332549874
osarm_segment_32.csv,osarm_segment_45.csv,25.145130209600836
osarm_segment_32.csv,osarm_segment_44.csv,34.81667183175638
osarm_segment_32.csv,osarm_segment_46.csv,15.260883347608587
osarm_segment_32.csv,osarm_segment_47.csv,18.581175615136175
osarm_segment_32.csv,osarm_segment_48.csv,22.276496084041145
osarm_segment_32.csv,osarm_segment_29.csv,15.167984515404422
osarm_segment_32.csv,osarm_segment_15.csv,10.056002175846327
osarm_segment_32.csv,osarm_segment_14.csv,15.113732532677833
osarm_segment_32.csv,osarm_segment_28.csv,1.4706301608309673
osarm_segment_32.csv,osarm_segment_16.csv,15.125857134915364
osarm_segment_32.csv,osarm_segment_17.csv,11.922914922935057
osarm_segment_32.csv,osarm_segment_13.csv,8.332878447961908
osarm_segment_32.csv,osarm_segment_12.csv,9.044051113165173
osarm_segment_32.csv,osarm_segment_9.csv,22.696779952432347
osarm_segment_32.csv,osarm_segment_10.csv,9.434604628426802
osarm_segment_32.csv,osarm_segment_38.csv,4.157369622493177
osarm_segment_32.csv,osarm_segment_39.csv,14.834930815352285
osarm_segment_32.csv,osarm_segment_11.csv,15.00602735418901
osarm_segment_32.csv,osarm_segment_8.csv,14.02747808697917
osarm_segment_33.csv,osarm_segment_27.csv,25.658305758074935
osarm_segment_33.csv,osarm_segment_2.csv,26.24898660168165
osarm_segment_33.csv,osarm_segment_31.csv,26.46062121830167
osarm_segment_33.csv,osarm_segment_25.csv,26.513884039643454
osarm_segment_33.csv,osarm_segment_19.csv,26.463724963122118
osarm_segment_33.csv,osarm_segment_18.csv,26.059487998434516
osarm_segment_33.csv,osarm_segment_24.csv,25.916217671912456
osarm_segment_33.csv,osarm_segment_30.csv,25.995152802548684
osarm_segment_33.csv,osarm_segment_1.csv,26.45008181645753
osarm_segment_33.csv,osarm_segment_43.csv,24.94793841173003
osarm_segment_33.csv,osarm_segment_42.csv,26.871324936758867
osarm_segment_33.csv,osarm_segment_40.csv,26.28694325764893
osarm_segment_33.csv,osarm_segment_41.csv,26.829383986947885
osarm_segment_33.csv,osarm_segment_45.csv,27.646592995607687
osarm_segment_33.csv,osarm_segment_44.csv,27.997288916338377
osarm_segment_33.csv,osarm_segment_46.csv,26.535210414686112
osarm_segment_33.csv,osarm_segment_47.csv,25.85491807776016
osarm_segment_33.csv,osarm_segment_48.csv,25.633815112031023
osarm_segment_33.csv,osarm_segment_29.csv,26.211517118803556
osarm_segment_33.csv,osarm_segment_15.csv,26.226865831774045
osarm_segment_33.csv,osarm_segment_14.csv,26.691609448615456
osarm_segment_33.csv,osarm_segment_28.csv,26.672970092179145
osarm_segment_33.csv,osarm_segment_16.csv,26.442450519262835
osarm_segment_33.csv,osarm_segment_17.csv,26.635450142140684
osarm_segment_33.csv,osarm_segment_13.csv,26.21510266130134
osarm_segment_33.csv,osarm_segment_12.csv,26.88100035683723
osarm_segment_33.csv,osarm_segment_9.csv,25.623881156969876
osarm_segment_33.csv,osarm_segment_10.csv,26.140639034274983
osarm_segment_33.csv,osarm_segment_38.csv,26.345055016241336
osarm_segment_33.csv,osarm_segment_39.csv,25.948330567019244
osarm_segment_33.csv,osarm_segment_11.csv,25.951134963637507
osarm_segment_33.csv,osarm_segment_8.csv,25.936830700125142
osarm_segment_27.csv,osarm_segment_2.csv,20.803319178417055
osarm_segment_27.csv,osarm_segment_31.csv,19.663029759755876
osarm_segment_27.csv,osarm_segment_25.csv,18.770271414639822
osarm_segment_27.csv,osarm_segment_19.csv,22.96330031667302
osarm_segment_27.csv,osarm_segment_18.csv,22.269297218435753
osarm_segment_27.csv,osarm_segment_24.csv,22.60804360004821
osarm_segment_27.csv,osarm_segment_30.csv,21.09951395092098
osarm_segment_27.csv,osarm_segment_1.csv,20.422571672091625
osarm_segment_27.csv,osarm_segment_43.csv,31.724323245993844
osarm_segment_27.csv,osarm_segment_42.csv,25.267057949610336
osarm_segment_27.csv,osarm_segment_40.csv,20.935402141027033
osarm_segment_27.csv,osarm_segment_41.csv,22.394341202652654
osarm_segment_27.csv,osarm_segment_45.csv,26.760960853137163
osarm_segment_27.csv,osarm_segment_44.csv,29.902589565393555
osarm_segment_27.csv,osarm_segment_46.csv,22.981317418526917
osarm_segment_27.csv,osarm_segment_47.csv,23.460894866614854
osarm_segment_27.csv,osarm_segment_48.csv,24.39181566655979
osarm_segment_27.csv,osarm_segment_29.csv,22.7093309883864
osarm_segment_27.csv,osarm_segment_15.csv,21.194136287020328
osarm_segment_27.csv,osarm_segment_14.csv,23.04691960901166
osarm_segment_27.csv,osarm_segment_28.csv,18.98224342873583
osarm_segment_27.csv,osarm_segment_16.csv,22.866671018855914
osarm_segment_27.csv,osarm_segment_17.csv,22.051238278248753
osarm_segment_27.csv,osarm_segment_13.csv,20.687514979806444
osarm_segment_27.csv,osarm_segment_12.csv,21.382393072199847
osarm_segment_27.csv,osarm_segment_9.csv,24.50660680715729
osarm_segment_27.csv,osarm_segment_10.csv,20.956295754180708
osarm_segment_27.csv,osarm_segment_38.csv,19.5392043682195
osarm_segment_27.csv,osarm_segment_39.csv,22.413311317151713
osarm_segment_27.csv,osarm_segment_11.csv,22.468277148396986
osarm_segment_27.csv,osarm_segment_8.csv,22.162586133021712
osarm_segment_2.csv,osarm_segment_31.csv,10.44196511968592
osarm_segment_2.csv,osarm_segment_25.csv,8.205103352690209
osarm_segment_2.csv,osarm_segment_19.csv,18.41695875482415
osarm_segment_2.csv,osarm_segment_18.csv,17.330174554696317
osarm_segment_2.csv,osarm_segment_24.csv,18.363043755866205
osarm_segment_2.csv,osarm_segment_30.csv,14.605871712406119
osarm_segment_2.csv,osarm_segment_1.csv,12.29152878403879
osarm_segment_2.csv,osarm_segment_43.csv,41.80202736095227
osarm_segment_2.csv,osarm_segment_42.csv,23.33070720618816
osarm_segment_2.csv,osarm_segment_40.csv,13.766395336129827
osarm_segment_2.csv,osarm_segment_41.csv,16.474438803463777
osarm_segment_2.csv,osarm_segment_45.csv,25.740026186902778
osarm_segment_2.csv,osarm_segment_44.csv,32.77490844999328
osarm_segment_2.csv,osarm_segment_46.csv,18.326303065241564
osarm_segment_2.csv,osarm_segment_47.csv,20.505479526863745
osarm_segment_2.csv,osarm_segment_48.csv,23.087700290323966
osarm_segment_2.csv,osarm_segment_29.csv,18.165420503043787
osarm_segment_2.csv,osarm_segment_15.csv,14.504484458220903
osarm_segment_2.csv,osarm_segment_14.csv,18.2704977527483
osarm_segment_2.csv,osarm_segment_28.csv,8.484937079161826
osarm_segment_2.csv,osarm_segment_16.csv,18.20454851238271
osarm_segment_2.csv,osarm_segment_17.csv,15.965439742653546
osarm_segment_2.csv,osarm_segment_13.csv,13.267557045729603
osarm_segment_2.csv,osarm_segment_12.csv,13.975988631085118
osarm_segment_2.csv,osarm_segment_9.csv,23.385576026573858
osarm_segment_2.csv,osarm_segment_10.csv,14.034253230359484
osarm_segment_2.csv,osarm_segment_38.csv,10.31274708812828
osarm_segment_2.csv,osarm_segment_39.csv,17.84749887573334
osarm_segment_2.csv,osarm_segment_11.csv,17.971334283843124
osarm_segment_2.csv,osarm_segment_8.csv,17.264835472222153
osarm_segment_31.csv,osarm_segment_25.csv,3.790281541245721
osarm_segment_31.csv,osarm_segment_19.csv,16.496961375343634
osarm_segment_31.csv,osarm_segment_18.csv,15.246115498032225
osarm_segment_31.csv,osarm_segment_24.csv,16.565646520746686
osarm_segment_31.csv,osarm_segment_30.csv,11.875649688604998
osarm_segment_31.csv,osarm_segment_1.csv,8.885843129032638
osarm_segment_31.csv,osarm_segment_43.csv,45.947572002148846
osarm_segment_31.csv,osarm_segment_42.csv,22.513080073112572
osarm_segment_31.csv,osarm_segment_40.csv,10.75957876595611
osarm_segment_31.csv,osarm_segment_41.csv,13.99491962449211
osarm_segment_31.csv,osarm_segment_45.csv,25.322016160651984
osarm_segment_31.csv,osarm_segment_44.csv,33.98618185780832
osarm_segment_31.csv,osarm_segment_46.csv,16.371340972854153
osarm_segment_31.csv,osarm_segment_47.csv,19.243923584667183
osarm_segment_31.csv,osarm_segment_48.csv,22.508830857015237
osarm_segment_31.csv,osarm_segment_29.csv,16.24680092160431
osarm_segment_31.csv,osarm_segment_15.csv,11.692507313770802
osarm_segment_31.csv,osarm_segment_14.csv,16.258271337166562
osarm_segment_31.csv,osarm_segment_28.csv,4.098768927515001
osarm_segment_31.csv,osarm_segment_16.csv,16.238013945844674
osarm_segment_31.csv,osarm_segment_17.csv,13.40722081941913
osarm_segment_31.csv,osarm_segment_13.csv,10.157126677695404
osarm_segment_31.csv,osarm_segment_12.csv,10.873053937636865
osarm_segment_31.csv,osarm_segment_9.csv,22.881863918674817
osarm_segment_31.csv,osarm_segment_10.csv,11.129238694778598
osarm_segment_31.csv,osarm_segment_38.csv,6.4520976136472905
osarm_segment_31.csv,osarm_segment_39.csv,15.916839058453853
osarm_segment_31.csv,osarm_segment_11.csv,16.06990437261967
osarm_segment_31.csv,osarm_segment_8.csv,15.195650363841162
osarm_segment_25.csv,osarm_segment_19.csv,15.064682097707443
osarm_segment_25.csv,osarm_segment_18.csv,13.694158302245935
osarm_segment_25.csv,osarm_segment_24.csv,15.213723266803244
osarm_segment_25.csv,osarm_segment_30.csv,9.869613593501994
osarm_segment_25.csv,osarm_segment_1.csv,6.409469556694798
osarm_segment_25.csv,osarm_segment_43.csv,48.75515127488628
osarm_segment_25.csv,osarm_segment_42.csv,21.8498056387571
osarm_segment_25.csv,osarm_segment_40.csv,8.561436699193786
osarm_segment_25.csv,osarm_segment_41.csv,12.169228187590472
osarm_segment_25.csv,osarm_segment_45.csv,24.93939479501394
osarm_segment_25.csv,osarm_segment_44.csv,34.7446679799057
osarm_segment_25.csv,osarm_segment_46.csv,14.91005241967026
osarm_segment_25.csv,osarm_segment_47.csv,18.267310483594205
osarm_segment_25.csv,osarm_segment_48.csv,22.00983451282665
osarm_segment_25.csv,osarm_segment_29.csv,14.81226923697886
osarm_segment_25.csv,osarm_segment_15.csv,9.631963798144502
osarm_segment_25.csv,osarm_segment_14.csv,14.76275521248158
osarm_segment_25.csv,osarm_segment_28.csv,0.9360430048039784
osarm_segment_25.csv,osarm_segment_16.csv,14.772220797337232
osarm_segment_25.csv,osarm_segment_17.csv,11.52859302770288
osarm_segment_25.csv,osarm_segment_13.csv,7.8851802945778084
osarm_segment_25.csv,osarm_segment_12.csv,8.613673105545816
osarm_segment_25.csv,osarm_segment_9.csv,22.435734811194106
osarm_segment_25.csv,osarm_segment_10.csv,9.000996580916283
osarm_segment_25.csv,osarm_segment_38.csv,3.6551451542045013
osarm_segment_25.csv,osarm_segment_39.csv,14.471807541089172
osarm_segment_25.csv,osarm_segment_11.csv,14.645228159335064
osarm_segment_25.csv,osarm_segment_8.csv,13.653474803184356
osarm_segment_19.csv,osarm_segment_18.csv,20.836858891149795
osarm_segment_19.csv,osarm_segment_24.csv,21.46171993871154
osarm_segment_19.csv,osarm_segment_30.csv,19.05116929294441
osarm_segment_19.csv,osarm_segment_1.csv,17.691963599298642
osarm_segment_19.csv,osarm_segment_43.csv,36.35895961785003
osarm_segment_19.csv,osarm_segment_42.csv,24.98551409900976
osarm_segment_19.csv,osarm_segment_40.csv,18.598912778606007
osarm_segment_19.csv,osarm_segment_41.csv,20.522721026921328
osarm_segment_19.csv,osarm_segment_45.csv,26.795105050671353
osarm_segment_19.csv,osarm_segment_44.csv,31.469470590478384
osarm_segment_19.csv,osarm_segment_46.csv,21.633555606310942
osarm_segment_19.csv,osarm_segment_47.csv,22.832533047624874
osarm_segment_19.csv,osarm_segment_48.csv,24.43641991265784
osarm_segment_19.csv,osarm_segment_29.csv,21.42475890766164
osarm_segment_19.csv,osarm_segment_15.csv,19.053119315279474
osarm_segment_19.csv,osarm_segment_14.csv,21.638974862840467
osarm_segment_19.csv,osarm_segment_28.csv,15.293599827565238
osarm_segment_19.csv,osarm_segment_16.csv,21.520069282087096
osarm_segment_19.csv,osarm_segment_17.csv,20.12490150529165
osarm_segment_19.csv,osarm_segment_13.csv,18.255348813667716
osarm_segment_19.csv,osarm_segment_12.csv,18.913376496209192
osarm_segment_19.csv,osarm_segment_9.csv,24.62494560375798
osarm_segment_19.csv,osarm_segment_10.csv,18.727692780334834
osarm_segment_19.csv,osarm_segment_38.csv,16.378393004371496
osarm_segment_19.csv,osarm_segment_39.csv,21.136961680507344
osarm_segment_19.csv,osarm_segment_11.csv,21.21894418863828
osarm_segment_19.csv,osarm_segment_8.csv,20.754611416699177
osarm_segment_18.csv,osarm_segment_24.csv,20.636043210943264
osarm_segment_18.csv,osarm_segment_30.csv,18.025114105648395
osarm_segment_18.csv,osarm_segment_1.csv,16.53987809249263
osarm_segment_18.csv,osarm_segment_43.csv,36.78560911633976
osarm_segment_18.csv,osarm_segment_42.csv,24.4193125543602
osarm_segment_18.csv,osarm_segment_40.csv,17.525831651395844
osarm_segment_18.csv,osarm_segment_41.csv,19.5917759375879
osarm_segment_18.csv,osarm_segment_45.csv,26.354372081194665
osarm_segment_18.csv,osarm_segment_44.csv,31.40213171355342
osarm_segment_18.csv,osarm_segment_46.csv,20.80332437704478
osarm_segment_18.csv,osarm_segment_47.csv,22.12129820635156
osarm_segment_18.csv,osarm_segment_48.csv,23.864162772429154
osarm_segment_18.csv,osarm_segment_29.csv,20.58685701742077
osarm_segment_18.csv,osarm_segment_15.csv,18.021067335225343
osarm_segment_18.csv,osarm_segment_14.csv,20.804209277561863
osarm_segment_18.csv,osarm_segment_28.csv,13.937438485654408
osarm_segment_18.csv,osarm_segment_16.csv,20.683253348636217
osarm_segment_18.csv,osarm_segment_17.csv,19.168556847478875
osarm_segment_18.csv,osarm_segment_13.csv,17.155582942394844
osarm_segment_18.csv,osarm_segment_12.csv,17.849040589020742
osarm_segment_18.csv,osarm_segment_9.csv,24.069267856267302
osarm_segment_18.csv,osarm_segment_10.csv,17.6700265092964
osarm_segment_18.csv,osarm_segment_38.csv,15.121088038548049
osarm_segment_18.csv,osarm_segment_39.csv,20.28372414646991
osarm_segment_18.csv,osarm_segment_11.csv,20.372434677118623
osarm_segment_18.csv,osarm_segment_8.csv,19.870971620623134
osarm_segment_24.csv,osarm_segment_30.csv,18.936080228120705
osarm_segment_24.csv,osarm_segment_1.csv,17.69732399865511
osarm_segment_24.csv,osarm_segment_43.csv,35.226430308273784
osarm_segment_24.csv,osarm_segment_42.csv,24.656911441342785
osarm_segment_24.csv,osarm_segment_40.csv,18.53953729296474
osarm_segment_24.csv,osarm_segment_41.csv,20.42267056148894
osarm_segment_24.csv,osarm_segment_45.csv,26.460486198528233
osarm_segment_24.csv,osarm_segment_44.csv,30.93080853743784
osarm_segment_24.csv,osarm_segment_46.csv,21.443731070315643
osarm_segment_24.csv,osarm_segment_47.csv,22.506170372574136
osarm_segment_24.csv,osarm_segment_48.csv,24.002149679432144
osarm_segment_24.csv,osarm_segment_29.csv,21.21009854127889
osarm_segment_24.csv,osarm_segment_15.csv,18.962344311071746
osarm_segment_24.csv,osarm_segment_14.csv,21.465213068336247
osarm_segment_24.csv,osarm_segment_28.csv,15.447872712223559
osarm_segment_24.csv,osarm_segment_16.csv,21.32559201508336
osarm_segment_24.csv,osarm_segment_17.csv,20.02298826688854
osarm_segment_24.csv,osarm_segment_13.csv,18.206430159559343
osarm_segment_24.csv,osarm_segment_12.csv,18.901785217093522
osarm_segment_24.csv,osarm_segment_9.csv,24.17962032540724
osarm_segment_24.csv,osarm_segment_10.csv,18.64589121375131
osarm_segment_24.csv,osarm_segment_38.csv,16.440683398729316
osarm_segment_24.csv,osarm_segment_39.csv,20.908214233247254
osarm_segment_24.csv,osarm_segment_11.csv,20.986741787030812
osarm_segment_24.csv,osarm_segment_8.csv,20.544357807673226
osarm_segment_30.csv,osarm_segment_1.csv,13.538915370047778
osarm_segment_30.csv,osarm_segment_43.csv,39.91385287042054
osarm_segment_30.csv,osarm_segment_42.csv,23.539017315084394
osarm_segment_30.csv,osarm_segment_40.csv,14.847275673841656
osarm_segment_30.csv,osarm_segment_41.csv,17.35695167144661
osarm_segment_30.csv,osarm_segment_45.csv,25.821252343962293
osarm_segment_30.csv,osarm_segment_44.csv,32.20829007648687
osarm_segment_30.csv,osarm_segment_46.csv,18.988029208565866
osarm_segment_30.csv,osarm_segment_47.csv,20.85838568721779
osarm_segment_30.csv,osarm_segment_48.csv,23.153485036267927
osarm_segment_30.csv,osarm_segment_29.csv,18.796442227610584
osarm_segment_30.csv,osarm_segment_15.csv,15.498107036765317
osarm_segment_30.csv,osarm_segment_14.csv,18.95061336421392
osarm_segment_30.csv,osarm_segment_28.csv,10.140441127234505
osarm_segment_30.csv,osarm_segment_16.csv,18.860146139744792
osarm_segment_30.csv,osarm_segment_17.csv,16.864850690382266
osarm_segment_30.csv,osarm_segment_13.csv,14.391169241253385
osarm_segment_30.csv,osarm_segment_12.csv,15.107851479952028
osarm_segment_30.csv,osarm_segment_9.csv,23.41891139486268
osarm_segment_30.csv,osarm_segment_10.csv,15.070123288082646
osarm_segment_30.csv,osarm_segment_38.csv,11.745215894022902
osarm_segment_30.csv,osarm_segment_39.csv,18.475635466442238
osarm_segment_30.csv,osarm_segment_11.csv,18.588255742363177
osarm_segment_30.csv,osarm_segment_8.csv,17.948180906495597
osarm_segment_1.csv,osarm_segment_43.csv,43.700744191588456
osarm_segment_1.csv,osarm_segment_42.csv,23.0785507934231
osarm_segment_1.csv,osarm_segment_40.csv,12.57736614386084
osarm_segment_1.csv,osarm_segment_41.csv,15.507239777614233
osarm_segment_1.csv,osarm_segment_45.csv,25.654401786292883
osarm_segment_1.csv,osarm_segment_44.csv,33.38765434420697
osarm_segment_1.csv,osarm_segment_46.csv,17.588554440007382
osarm_segment_1.csv,osarm_segment_47.csv,20.070332140022607
osarm_segment_1.csv,osarm_segment_48.csv,22.948295577107395
osarm_segment_1.csv,osarm_segment_29.csv,17.4442954148472
osarm_segment_1.csv,osarm_segment_15.csv,13.399803655603293
osarm_segment_1.csv,osarm_segment_14.csv,17.503089130406792
osarm_segment_1.csv,osarm_segment_28.csv,6.69961570793251
osarm_segment_1.csv,osarm_segment_16.csv,17.45991610169877
osarm_segment_1.csv,osarm_segment_17.csv,14.964467151866923
osarm_segment_1.csv,osarm_segment_13.csv,12.035156809551182
osarm_segment_1.csv,osarm_segment_12.csv,12.73857524725615
osarm_segment_1.csv,osarm_segment_9.csv,23.278617350622458
osarm_segment_1.csv,osarm_segment_10.csv,12.89104631329928
osarm_segment_1.csv,osarm_segment_38.csv,8.756837986705083
osarm_segment_1.csv,osarm_segment_39.csv,17.12436305026836
osarm_segment_1.csv,osarm_segment_11.csv,17.26048922522142
osarm_segment_1.csv,osarm_segment_8.csv,16.48240223792613
osarm_segment_43.csv,osarm_segment_42.csv,31.266947230326416
osarm_segment_43.csv,osarm_segment_40.csv,41.57371258647018
osarm_segment_43.csv,osarm_segment_41.csv,39.474678436069844
osarm_segment_43.csv,osarm_segment_45.csv,30.02921840092684
osarm_segment_43.csv,osarm_segment_44.csv,22.288378525167815
osarm_segment_43.csv,osarm_segment_46.csv,36.58514098417831
osarm_segment_43.csv,osarm_segment_47.csv,32.52131388208281
osarm_segment_43.csv,osarm_segment_48.csv,28.925801149326418
osarm_segment_43.csv,osarm_segment_29.csv,36.115389238904804
osarm_segment_43.csv,osarm_segment_15.csv,40.53377659265131
osarm_segment_43.csv,osarm_segment_14.csv,37.04487558671752
osarm_segment_43.csv,osarm_segment_28.csv,48.76522907058559
osarm_segment_43.csv,osarm_segment_16.csv,36.577029154657296
osarm_segment_43.csv,osarm_segment_17.csv,39.67802369805038
osarm_segment_43.csv,osarm_segment_13.csv,42.02187706640728
osarm_segment_43.csv,osarm_segment_12.csv,42.618955248365836
osarm_segment_43.csv,osarm_segment_9.csv,28.538361510585606
osarm_segment_43.csv,osarm_segment_10.csv,40.92401150595879
osarm_segment_43.csv,osarm_segment_38.csv,45.85000623988252
osarm_segment_43.csv,osarm_segment_39.csv,35.91520463384604
osarm_segment_43.csv,osarm_segment_11.csv,35.77596704132982
osarm_segment_43.csv,osarm_segment_8.csv,36.58335162126361
osarm_segment_42.csv,osarm_segment_40.csv,23.442243057491858
osarm_segment_42.csv,osarm_segment_41.csv,24.513410035494914
osarm_segment_42.csv,osarm_segment_45.csv,27.56993092978717
osarm_segment_42.csv,osarm_segment_44.csv,29.802550009073027
osarm_segment_42.csv,osarm_segment_46.csv,24.889147240279353
osarm_segment_42.csv,osarm_segment_47.csv,25.282599698549685
osarm_segment_42.csv,osarm_segment_48.csv,25.958106331867672
osarm_segment_42.csv,osarm_segment_29.csv,24.760209077911995
osarm_segment_42.csv,osarm_segment_15.csv,23.641219904466958
osarm_segment_42.csv,osarm_segment_14.csv,25.067007109339823
osarm_segment_42.csv,osarm_segment_28.csv,22.027052096174167
osarm_segment_42.csv,osarm_segment_16.csv,24.90664458927574
osarm_segment_42.csv,osarm_segment_17.csv,24.32326627389505
osarm_segment_42.csv,osarm_segment_13.csv,23.247387982152496
osarm_segment_42.csv,osarm_segment_12.csv,23.845804041134823
osarm_segment_42.csv,osarm_segment_9.csv,26.041114632768682
osarm_segment_42.csv,osarm_segment_10.csv,23.433642733413564
osarm_segment_42.csv,osarm_segment_38.csv,22.407463727633395
osarm_segment_42.csv,osarm_segment_39.csv,24.51682344304481
osarm_segment_42.csv,osarm_segment_11.csv,24.554970343884122
osarm_segment_42.csv,osarm_segment_8.csv,24.328164503714188
osarm_segment_40.csv,osarm_segment_41.csv,16.697226080806022
osarm_segment_40.csv,osarm_segment_45.csv,25.826973783880998
osarm_segment_40.csv,osarm_segment_44.csv,32.75256093051927
osarm_segment_40.csv,osarm_segment_46.csv,18.516034365626375
osarm_segment_40.csv,osarm_segment_47.csv,20.644606298880117
osarm_segment_40.csv,osarm_segment_48.csv,23.18071138464313
osarm_segment_40.csv,osarm_segment_29.csv,18.348648071643215
osarm_segment_40.csv,osarm_segment_15.csv,14.750739880797783
osarm_segment_40.csv,osarm_segment_14.csv,18.456863826185195
osarm_segment_40.csv,osarm_segment_28.csv,8.838343417490977
osarm_segment_40.csv,osarm_segment_16.csv,18.389544954857023
osarm_segment_40.csv,osarm_segment_17.csv,16.191032067165185
osarm_segment_40.csv,osarm_segment_13.csv,13.53392570129805
osarm_segment_40.csv,osarm_segment_12.csv,14.23809030854897
osarm_segment_40.csv,osarm_segment_9.csv,23.473901839984244
osarm_segment_40.csv,osarm_segment_10.csv,14.287524939623822
osarm_segment_40.csv,osarm_segment_38.csv,10.631189283648338
osarm_segment_40.csv,osarm_segment_39.csv,18.033306745894567
osarm_segment_40.csv,osarm_segment_11.csv,18.15480424995223
osarm_segment_40.csv,osarm_segment_8.csv,17.46078951197217
osarm_segment_41.csv,osarm_segment_45.csv,26.498554683409036
osarm_segment_41.csv,osarm_segment_44.csv,32.238135472952855
osarm_segment_41.csv,osarm_segment_46.csv,20.412877288029904
osarm_segment_41.csv,osarm_segment_47.csv,22.168392401287562
osarm_segment_41.csv,osarm_segment_48.csv,24.2599915366848
osarm_segment_41.csv,osarm_segment_29.csv,20.289040594400046
osarm_segment_41.csv,osarm_segment_15.csv,17.298457351125407
osarm_segment_41.csv,osarm_segment_14.csv,20.424196422376202
osarm_segment_41.csv,osarm_segment_28.csv,12.414622305316216
osarm_segment_41.csv,osarm_segment_16.csv,20.34539033612939
osarm_segment_41.csv,osarm_segment_17.csv,18.534261818401532
osarm_segment_41.csv,osarm_segment_13.csv,16.281010933616805
osarm_segment_41.csv,osarm_segment_12.csv,16.929287875443563
osarm_segment_41.csv,osarm_segment_9.csv,24.501887661441415
osarm_segment_41.csv,osarm_segment_10.csv,16.89848739715689
osarm_segment_41.csv,osarm_segment_38.csv,13.87755330953769
osarm_segment_41.csv,osarm_segment_39.csv,20.004391608721647
osarm_segment_41.csv,osarm_segment_11.csv,20.10560739269101
osarm_segment_41.csv,osarm_segment_8.csv,19.526394598659444
osarm_segment_45.csv,osarm_segment_44.csv,29.36534403703443
osarm_segment_45.csv,osarm_segment_46.csv,26.608727691797675
osarm_segment_45.csv,osarm_segment_47.csv,26.811474007278196
osarm_segment_45.csv,osarm_segment_48.csv,27.159524114562625
osarm_segment_45.csv,osarm_segment_29.csv,26.588558905415567
osarm_segment_45.csv,osarm_segment_15.csv,25.945164677823527
osarm_segment_45.csv,osarm_segment_14.csv,26.89360854268183
osarm_segment_45.csv,osarm_segment_28.csv,25.086067136317418
osarm_segment_45.csv,osarm_segment_16.csv,26.73664194931726
osarm_segment_45.csv,osarm_segment_17.csv,26.44812796036398
osarm_segment_45.csv,osarm_segment_13.csv,25.68927694055653
osarm_segment_45.csv,osarm_segment_12.csv,26.217932293520843
osarm_segment_45.csv,osarm_segment_9.csv,27.203719898111938
osarm_segment_45.csv,osarm_segment_10.csv,25.77457768348467
osarm_segment_45.csv,osarm_segment_38.csv,25.23054221170103
osarm_segment_45.csv,osarm_segment_39.csv,26.386742807512295
osarm_segment_45.csv,osarm_segment_11.csv,26.408208677232295
osarm_segment_45.csv,osarm_segment_8.csv,26.27369064412709
osarm_segment_44.csv,osarm_segment_46.csv,31.270882392260464
osarm_segment_44.csv,osarm_segment_47.csv,30.182092997139943
osarm_segment_44.csv,osarm_segment_48.csv,29.144432245139342
osarm_segment_44.csv,osarm_segment_29.csv,31.278447700193173
osarm_segment_44.csv,osarm_segment_15.csv,32.481573157863146
osarm_segment_44.csv,osarm_segment_14.csv,31.734421640042502
osarm_segment_44.csv,osarm_segment_28.csv,34.81861846759377
osarm_segment_44.csv,osarm_segment_16.csv,31.506139484699556
osarm_segment_44.csv,osarm_segment_17.csv,32.42287599160816
osarm_segment_44.csv,osarm_segment_13.csv,32.8330958713705
osarm_segment_44.csv,osarm_segment_12.csv,33.28866673858782
osarm_segment_44.csv,osarm_segment_9.csv,29.032465527512446
osarm_segment_44.csv,osarm_segment_10.csv,32.49787386248238
osarm_segment_44.csv,osarm_segment_38.csv,33.911098384260235
osarm_segment_44.csv,osarm_segment_39.csv,31.129335798519033
osarm_segment_44.csv,osarm_segment_11.csv,31.089531549552255
osarm_segment_44.csv,osarm_segment_8.csv,31.30371049418189
osarm_segment_46.csv,osarm_segment_47.csv,22.840062909369387
osarm_segment_46.csv,osarm_segment_48.csv,24.480391830835593
osarm_segment_46.csv,osarm_segment_29.csv,21.39546549735629
osarm_segment_46.csv,osarm_segment_15.csv,18.98507494888961
osarm_segment_46.csv,osarm_segment_14.csv,21.60208677527031
osarm_segment_46.csv,osarm_segment_28.csv,15.139455330793616
osarm_segment_46.csv,osarm_segment_16.csv,21.48800170131953
osarm_segment_46.csv,osarm_segment_17.csv,20.064359055575547
osarm_segment_46.csv,osarm_segment_13.csv,18.166834712083634
osarm_segment_46.csv,osarm_segment_12.csv,18.821037208284814
osarm_segment_46.csv,osarm_segment_9.csv,24.67091288119256
osarm_segment_46.csv,osarm_segment_10.csv,18.645930121539322
osarm_segment_46.csv,osarm_segment_38.csv,16.253771719931134
osarm_segment_46.csv,osarm_segment_39.csv,21.112588349010394
osarm_segment_46.csv,osarm_segment_11.csv,21.195624756358075
osarm_segment_46.csv,osarm_segment_8.csv,20.72354927391564
osarm_segment_47.csv,osarm_segment_48.csv,24.476086800335935
osarm_segment_47.csv,osarm_segment_29.csv,22.581899959626526
osarm_segment_47.csv,osarm_segment_15.csv,20.938908668878934
osarm_segment_47.csv,osarm_segment_14.csv,22.894835964198514
osarm_segment_47.csv,osarm_segment_28.csv,18.480688176008353
osarm_segment_47.csv,osarm_segment_16.csv,22.727201387330382
osarm_segment_47.csv,osarm_segment_17.csv,21.823328256486718
osarm_segment_47.csv,osarm_segment_13.csv,20.381753544951962
osarm_segment_47.csv,osarm_segment_12.csv,21.06638585598921
osarm_segment_47.csv,osarm_segment_9.csv,24.603731441449792
osarm_segment_47.csv,osarm_segment_10.csv,20.684290721138343
osarm_segment_47.csv,osarm_segment_38.csv,19.12194317704669
osarm_segment_47.csv,osarm_segment_39.csv,22.29166288188012
osarm_segment_47.csv,osarm_segment_11.csv,22.34961620130449
osarm_segment_47.csv,osarm_segment_8.csv,22.021870756136018
osarm_segment_48.csv,osarm_segment_29.csv,24.18480143975816
osarm_segment_48.csv,osarm_segment_15.csv,23.30295207644242
osarm_segment_48.csv,osarm_segment_14.csv,24.581822525267736
osarm_segment_48.csv,osarm_segment_28.csv,22.199313285421166
osarm_segment_48.csv,osarm_segment_16.csv,24.372695455344868
osarm_segment_48.csv,osarm_segment_17.csv,23.974345506685744
osarm_segment_48.csv,osarm_segment_13.csv,23.006894975656962
osarm_segment_48.csv,osarm_segment_12.csv,23.68734409772409
osarm_segment_48.csv,osarm_segment_9.csv,24.98863053112157
osarm_segment_48.csv,osarm_segment_10.csv,23.131795333552553
osarm_segment_48.csv,osarm_segment_38.csv,22.38861707986167
osarm_segment_48.csv,osarm_segment_39.csv,23.901297257286906
osarm_segment_48.csv,osarm_segment_11.csv,23.93552949614467
osarm_segment_48.csv,osarm_segment_8.csv,23.749186901416167
osarm_segment_29.csv,osarm_segment_15.csv,18.805428031335335
osarm_segment_29.csv,osarm_segment_14.csv,21.40575415101688
osarm_segment_29.csv,osarm_segment_28.csv,15.045971037323865
osarm_segment_29.csv,osarm_segment_16.csv,21.280863055404733
osarm_segment_29.csv,osarm_segment_17.csv,19.888989372448098
osarm_segment_29.csv,osarm_segment_13.csv,18.001748913358565
osarm_segment_29.csv,osarm_segment_12.csv,18.679245349753277
osarm_segment_29.csv,osarm_segment_9.csv,24.374506379320064
osarm_segment_29.csv,osarm_segment_10.csv,18.47460052259894
osarm_segment_29.csv,osarm_segment_38.csv,16.124967970437968
osarm_segment_29.csv,osarm_segment_39.csv,20.885652968720763
osarm_segment_29.csv,osarm_segment_11.csv,20.967654562992124
osarm_segment_29.csv,osarm_segment_8.csv,20.503094921194524
osarm_segment_15.csv,osarm_segment_14.csv,18.94088163538743
osarm_segment_15.csv,osarm_segment_28.csv,9.901735753905461
osarm_segment_15.csv,osarm_segment_16.csv,18.8596358558438
osarm_segment_15.csv,osarm_segment_17.csv,16.80118876043296
osarm_segment_15.csv,osarm_segment_13.csv,14.286866201344154
osarm_segment_15.csv,osarm_segment_12.csv,14.987920718961457
osarm_segment_15.csv,osarm_segment_9.csv,23.57465624642565
osarm_segment_15.csv,osarm_segment_10.csv,14.985763295908338
osarm_segment_15.csv,osarm_segment_38.csv,11.564474172726106
osarm_segment_15.csv,osarm_segment_39.csv,18.48783746342176
osarm_segment_15.csv,osarm_segment_11.csv,18.604312190617968
osarm_segment_15.csv,osarm_segment_8.csv,17.946418930266997
osarm_segment_14.csv,osarm_segment_28.csv,14.991382809267487
osarm_segment_14.csv,osarm_segment_16.csv,21.48975043648938
osarm_segment_14.csv,osarm_segment_17.csv,20.02805639246059
osarm_segment_14.csv,osarm_segment_13.csv,18.102358912917683
osarm_segment_14.csv,osarm_segment_12.csv,18.74723298173555
osarm_segment_14.csv,osarm_segment_9.csv,24.781062559287435
osarm_segment_14.csv,osarm_segment_10.csv,18.601997523747148
osarm_segment_14.csv,osarm_segment_38.csv,16.142070905804637
osarm_segment_14.csv,osarm_segment_39.csv,21.125705168078376
osarm_segment_14.csv,osarm_segment_11.csv,21.20970973171276
osarm_segment_14.csv,osarm_segment_8.csv,20.73034462272095
osarm_segment_28.csv,osarm_segment_16.csv,15.003580476168096
osarm_segment_28.csv,osarm_segment_17.csv,11.780430760610525
osarm_segment_28.csv,osarm_segment_13.csv,8.167754460442392
osarm_segment_28.csv,osarm_segment_12.csv,8.883414628135998
osarm_segment_28.csv,osarm_segment_9.csv,22.622243569138405
osarm_segment_28.csv,osarm_segment_10.csv,9.276423663760246
osarm_segment_28.csv,osarm_segment_38.csv,3.965904664778355
osarm_segment_28.csv,osarm_segment_39.csv,14.710810373175542
osarm_segment_28.csv,osarm_segment_11.csv,14.882985415638888
osarm_segment_28.csv,osarm_segment_8.csv,13.898261755435225
osarm_segment_16.csv,osarm_segment_17.csv,19.946128229746005
osarm_segment_16.csv,osarm_segment_13.csv,18.038572732758468
osarm_segment_16.csv,osarm_segment_12.csv,18.700382766903292
osarm_segment_16.csv,osarm_segment_9.csv,24.567076627733634
osarm_segment_16.csv,osarm_segment_10.csv,18.524927611339564
osarm_segment_16.csv,osarm_segment_38.csv,16.1189108669519
osarm_segment_16.csv,osarm_segment_39.csv,20.993373288732755
osarm_segment_16.csv,osarm_segment_11.csv,21.07656886380746
osarm_segment_16.csv,osarm_segment_8.csv,20.604034963982617
osarm_segment_17.csv,osarm_segment_13.csv,15.764734864160408
osarm_segment_17.csv,osarm_segment_12.csv,16.42851134239387
osarm_segment_17.csv,osarm_segment_9.csv,24.22301699509641
osarm_segment_17.csv,osarm_segment_10.csv,16.401297691448
osarm_segment_17.csv,osarm_segment_38.csv,13.286356981128609
osarm_segment_17.csv,osarm_segment_39.csv,19.591586054566587
osarm_segment_17.csv,osarm_segment_11.csv,19.69707773441661
osarm_segment_17.csv,osarm_segment_8.csv,19.098049823670095
osarm_segment_13.csv,osarm_segment_12.csv,13.740522214871014
osarm_segment_13.csv,osarm_segment_9.csv,23.31055095575505
osarm_segment_13.csv,osarm_segment_10.csv,13.808552535115762
osarm_segment_13.csv,osarm_segment_38.csv,10.027168156339794
osarm_segment_13.csv,osarm_segment_39.csv,17.6828194427669
osarm_segment_13.csv,osarm_segment_11.csv,17.808137370233116
osarm_segment_13.csv,osarm_segment_8.csv,17.092385058459076
osarm_segment_12.csv,osarm_segment_9.csv,23.98895923040891
osarm_segment_12.csv,osarm_segment_10.csv,14.520249115729857
osarm_segment_12.csv,osarm_segment_38.csv,10.751805303553176
osarm_segment_12.csv,osarm_segment_39.csv,18.379574549918118
osarm_segment_12.csv,osarm_segment_11.csv,18.504098644102623
osarm_segment_12.csv,osarm_segment_8.csv,17.79350045671805
osarm_segment_9.csv,osarm_segment_10.csv,23.41449746939815
osarm_segment_9.csv,osarm_segment_38.csv,22.76202258658021
osarm_segment_9.csv,osarm_segment_39.csv,24.091072155977997
osarm_segment_9.csv,osarm_segment_11.csv,24.123011298260852
osarm_segment_9.csv,osarm_segment_8.csv,23.95116583200439
osarm_segment_10.csv,osarm_segment_38.csv,10.999694037822103
osarm_segment_10.csv,osarm_segment_39.csv,18.156263788433588
osarm_segment_10.csv,osarm_segment_11.csv,18.27464223934329
osarm_segment_10.csv,osarm_segment_8.csv,17.599970068065673
osarm_segment_38.csv,osarm_segment_39.csv,15.791376465518512
osarm_segment_38.csv,osarm_segment_11.csv,15.944727070564888
osarm_segment_38.csv,osarm_segment_8.csv,15.06902980565474
osarm_segment_39.csv,osarm_segment_11.csv,20.66499805889906
osarm_segment_39.csv,osarm_segment_8.csv,20.194110253679
osarm_segment_11.csv,osarm_segment_8.csv,20.283244922745126
